x,y,zone,n
-7.5,-52.5,paint,2
2.5,-52.5,paint,1
7.5,-52.5,paint,2
17.5,-52.5,paint,3
-247.5,-47.5,corner3_left,1
-237.5,-47.5,corner3_left,1
-232.5,-47.5,corner3_left,1
-227.5,-47.5,corner3_left,1
-222.5,-47.5,corner3_left,3
-197.5,-47.5,mid_left,1
-82.5,-47.5,mid_left,1
-22.5,-47.5,paint,1
-17.5,-47.5,paint,2
-12.5,-47.5,paint,1
-7.5,-47.5,paint,3
-2.5,-47.5,paint,1
2.5,-47.5,paint,2
7.5,-47.5,paint,1
12.5,-47.5,paint,1
27.5,-47.5,paint,2
177.5,-47.5,mid_right,1
232.5,-47.5,corner3_right,2
237.5,-47.5,corner3_right,1
-242.5,-42.5,corner3_left,1
-237.5,-42.5,corner3_left,4
-232.5,-42.5,corner3_left,11
-227.5,-42.5,corner3_left,17
-222.5,-42.5,corner3_left,9
-117.5,-42.5,mid_left,1
-102.5,-42.5,mid_left,1
87.5,-42.5,mid_right,1
102.5,-42.5,mid_right,1
107.5,-42.5,mid_right,1
112.5,-42.5,mid_right,1
117.5,-42.5,mid_right,1
122.5,-42.5,mid_right,2
152.5,-42.5,mid_right,1
227.5,-42.5,corner3_right,1
232.5,-42.5,corner3_right,2
-247.5,-37.5,corner3_left,1
-242.5,-37.5,corner3_left,1
-237.5,-37.5,corner3_left,8
-232.5,-37.5,corner3_left,21
-227.5,-37.5,corner3_left,42
-222.5,-37.5,corner3_left,28
-217.5,-37.5,mid_left,1
-202.5,-37.5,mid_left,1
-192.5,-37.5,mid_left,1
-187.5,-37.5,mid_left,1
-182.5,-37.5,mid_left,2
-142.5,-37.5,mid_left,1
-132.5,-37.5,mid_left,1
-117.5,-37.5,mid_left,2
-107.5,-37.5,mid_left,1
-87.5,-37.5,mid_left,1
-82.5,-37.5,mid_left,1
-72.5,-37.5,paint,1
-17.5,-37.5,rim,1
-7.5,-37.5,paint,1
12.5,-37.5,rim,1
57.5,-37.5,paint,1
122.5,-37.5,mid_right,2
127.5,-37.5,mid_right,2
132.5,-37.5,mid_right,3
152.5,-37.5,mid_right,1
162.5,-37.5,mid_right,1
182.5,-37.5,mid_right,2
222.5,-37.5,corner3_right,6
227.5,-37.5,corner3_right,4
232.5,-37.5,corner3_right,4
237.5,-37.5,corner3_right,7
247.5,-37.5,corner3_right,2
-247.5,-32.5,corner3_left,1
-242.5,-32.5,corner3_left,10
-237.5,-32.5,corner3_left,25
-232.5,-32.5,corner3_left,88
-227.5,-32.5,corner3_left,130
-222.5,-32.5,corner3_left,55
-207.5,-32.5,mid_left,3
-202.5,-32.5,mid_left,1
-197.5,-32.5,mid_left,1
-182.5,-32.5,mid_left,3
-177.5,-32.5,mid_left,2
-172.5,-32.5,mid_left,2
-157.5,-32.5,mid_left,1
-142.5,-32.5,mid_left,1
-137.5,-32.5,mid_left,2
-122.5,-32.5,mid_left,3
-112.5,-32.5,mid_left,2
-107.5,-32.5,mid_left,1
-97.5,-32.5,mid_left,1
-92.5,-32.5,mid_left,2
-82.5,-32.5,mid_left,1
-47.5,-32.5,paint,2
-42.5,-32.5,paint,1
-27.5,-32.5,paint,1
-22.5,-32.5,paint,1
-12.5,-32.5,rim,1
-2.5,-32.5,rim,1
42.5,-32.5,paint,1
57.5,-32.5,paint,1
62.5,-32.5,paint,1
72.5,-32.5,paint,1
77.5,-32.5,paint,1
82.5,-32.5,mid_right,1
87.5,-32.5,mid_right,3
92.5,-32.5,mid_right,2
107.5,-32.5,mid_right,2
112.5,-32.5,mid_right,2
122.5,-32.5,mid_right,1
127.5,-32.5,mid_right,1
132.5,-32.5,mid_right,1
137.5,-32.5,mid_right,3
142.5,-32.5,mid_right,4
147.5,-32.5,mid_right,1
152.5,-32.5,mid_right,3
167.5,-32.5,mid_right,1
172.5,-32.5,mid_right,2
182.5,-32.5,mid_right,1
187.5,-32.5,mid_right,2
212.5,-32.5,mid_right,1
222.5,-32.5,corner3_right,9
227.5,-32.5,corner3_right,31
232.5,-32.5,corner3_right,21
237.5,-32.5,corner3_right,15
242.5,-32.5,corner3_right,2
247.5,-32.5,corner3_right,1
252.5,-32.5,corner3_right,1
-247.5,-27.5,corner3_left,1
-242.5,-27.5,corner3_left,15
-237.5,-27.5,corner3_left,69
-232.5,-27.5,corner3_left,164
-227.5,-27.5,corner3_left,229
-222.5,-27.5,corner3_left,107
-217.5,-27.5,mid_left,2
-212.5,-27.5,mid_left,1
-207.5,-27.5,mid_left,2
-202.5,-27.5,mid_left,3
-197.5,-27.5,mid_left,2
-192.5,-27.5,mid_left,2
-187.5,-27.5,mid_left,3
-182.5,-27.5,mid_left,2
-177.5,-27.5,mid_left,1
-162.5,-27.5,mid_left,3
-157.5,-27.5,mid_left,3
-152.5,-27.5,mid_left,1
-147.5,-27.5,mid_left,1
-142.5,-27.5,mid_left,3
-137.5,-27.5,mid_left,4
-132.5,-27.5,mid_left,5
-127.5,-27.5,mid_left,4
-122.5,-27.5,mid_left,7
-117.5,-27.5,mid_left,5
-112.5,-27.5,mid_left,3
-107.5,-27.5,mid_left,4
-102.5,-27.5,mid_left,2
-97.5,-27.5,mid_left,6
-92.5,-27.5,mid_left,4
-87.5,-27.5,mid_left,1
-82.5,-27.5,mid_left,1
-77.5,-27.5,paint,2
-72.5,-27.5,paint,2
-67.5,-27.5,paint,1
-62.5,-27.5,paint,1
-47.5,-27.5,paint,2
-27.5,-27.5,rim,1
-22.5,-27.5,rim,1
-17.5,-27.5,rim,1
-7.5,-27.5,rim,3
-2.5,-27.5,rim,1
2.5,-27.5,rim,5
7.5,-27.5,rim,1
17.5,-27.5,rim,2
22.5,-27.5,rim,2
32.5,-27.5,paint,1
37.5,-27.5,paint,1
47.5,-27.5,paint,2
72.5,-27.5,paint,2
77.5,-27.5,paint,3
87.5,-27.5,mid_right,2
92.5,-27.5,mid_right,1
97.5,-27.5,mid_right,6
102.5,-27.5,mid_right,4
107.5,-27.5,mid_right,3
112.5,-27.5,mid_right,3
117.5,-27.5,mid_right,2
122.5,-27.5,mid_right,3
127.5,-27.5,mid_right,5
132.5,-27.5,mid_right,6
137.5,-27.5,mid_right,2
142.5,-27.5,mid_right,7
147.5,-27.5,mid_right,5
152.5,-27.5,mid_right,5
157.5,-27.5,mid_right,5
162.5,-27.5,mid_right,6
167.5,-27.5,mid_right,1
172.5,-27.5,mid_right,4
177.5,-27.5,mid_right,2
182.5,-27.5,mid_right,2
192.5,-27.5,mid_right,1
202.5,-27.5,mid_right,2
207.5,-27.5,mid_right,2
217.5,-27.5,mid_right,3
222.5,-27.5,corner3_right,26
227.5,-27.5,corner3_right,70
232.5,-27.5,corner3_right,78
237.5,-27.5,corner3_right,32
242.5,-27.5,corner3_right,10
247.5,-27.5,corner3_right,1
-247.5,-22.5,corner3_left,7
-242.5,-22.5,corner3_left,24
-237.5,-22.5,corner3_left,118
-232.5,-22.5,corner3_left,359
-227.5,-22.5,corner3_left,387
-222.5,-22.5,corner3_left,194
-217.5,-22.5,mid_left,5
-212.5,-22.5,mid_left,2
-207.5,-22.5,mid_left,3
-202.5,-22.5,mid_left,8
-197.5,-22.5,mid_left,7
-192.5,-22.5,mid_left,3
-187.5,-22.5,mid_left,2
-182.5,-22.5,mid_left,3
-177.5,-22.5,mid_left,3
-172.5,-22.5,mid_left,3
-167.5,-22.5,mid_left,1
-162.5,-22.5,mid_left,6
-157.5,-22.5,mid_left,6
-152.5,-22.5,mid_left,6
-147.5,-22.5,mid_left,8
-142.5,-22.5,mid_left,8
-137.5,-22.5,mid_left,6
-132.5,-22.5,mid_left,8
-127.5,-22.5,mid_left,11
-122.5,-22.5,mid_left,5
-117.5,-22.5,mid_left,12
-112.5,-22.5,mid_left,11
-107.5,-22.5,mid_left,6
-102.5,-22.5,mid_left,3
-97.5,-22.5,mid_left,7
-92.5,-22.5,mid_left,4
-87.5,-22.5,mid_left,5
-82.5,-22.5,mid_left,2
-77.5,-22.5,paint,3
-72.5,-22.5,paint,1
-67.5,-22.5,paint,2
-62.5,-22.5,paint,5
-57.5,-22.5,paint,1
-52.5,-22.5,paint,3
-47.5,-22.5,paint,2
-42.5,-22.5,paint,3
-37.5,-22.5,paint,4
-32.5,-22.5,paint,1
-32.5,-22.5,rim,1
-17.5,-22.5,rim,6
-12.5,-22.5,rim,3
-7.5,-22.5,rim,2
-2.5,-22.5,rim,5
2.5,-22.5,rim,6
7.5,-22.5,rim,10
12.5,-22.5,rim,2
17.5,-22.5,rim,3
32.5,-22.5,paint,1
32.5,-22.5,rim,2
37.5,-22.5,paint,2
42.5,-22.5,paint,1
47.5,-22.5,paint,8
52.5,-22.5,paint,1
57.5,-22.5,paint,1
62.5,-22.5,paint,1
72.5,-22.5,paint,1
77.5,-22.5,paint,2
82.5,-22.5,mid_right,3
82.5,-22.5,paint,1
87.5,-22.5,mid_right,7
92.5,-22.5,mid_right,9
97.5,-22.5,mid_right,8
102.5,-22.5,mid_right,9
107.5,-22.5,mid_right,10
112.5,-22.5,mid_right,9
117.5,-22.5,mid_right,10
122.5,-22.5,mid_right,8
127.5,-22.5,mid_right,8
132.5,-22.5,mid_right,12
137.5,-22.5,mid_right,5
142.5,-22.5,mid_right,10
147.5,-22.5,mid_right,3
152.5,-22.5,mid_right,9
157.5,-22.5,mid_right,6
162.5,-22.5,mid_right,3
167.5,-22.5,mid_right,4
172.5,-22.5,mid_right,4
177.5,-22.5,mid_right,7
182.5,-22.5,mid_right,3
187.5,-22.5,mid_right,5
192.5,-22.5,mid_right,3
197.5,-22.5,mid_right,6
202.5,-22.5,mid_right,2
207.5,-22.5,mid_right,2
212.5,-22.5,mid_right,1
217.5,-22.5,mid_right,4
222.5,-22.5,corner3_right,68
227.5,-22.5,corner3_right,182
232.5,-22.5,corner3_right,166
237.5,-22.5,corner3_right,65
242.5,-22.5,corner3_right,25
247.5,-22.5,corner3_right,7
-247.5,-17.5,corner3_left,12
-242.5,-17.5,corner3_left,62
-237.5,-17.5,corner3_left,259
-232.5,-17.5,corner3_left,689
-227.5,-17.5,corner3_left,775
-222.5,-17.5,corner3_left,384
-217.5,-17.5,mid_left,3
-212.5,-17.5,mid_left,5
-207.5,-17.5,mid_left,11
-202.5,-17.5,mid_left,8
-197.5,-17.5,mid_left,10
-192.5,-17.5,mid_left,3
-187.5,-17.5,mid_left,6
-182.5,-17.5,mid_left,8
-177.5,-17.5,mid_left,5
-172.5,-17.5,mid_left,7
-167.5,-17.5,mid_left,9
-162.5,-17.5,mid_left,7
-157.5,-17.5,mid_left,11
-152.5,-17.5,mid_left,12
-147.5,-17.5,mid_left,10
-142.5,-17.5,mid_left,17
-137.5,-17.5,mid_left,9
-132.5,-17.5,mid_left,10
-127.5,-17.5,mid_left,11
-122.5,-17.5,mid_left,14
-117.5,-17.5,mid_left,14
-112.5,-17.5,mid_left,20
-107.5,-17.5,mid_left,14
-102.5,-17.5,mid_left,13
-97.5,-17.5,mid_left,17
-92.5,-17.5,mid_left,8
-87.5,-17.5,mid_left,10
-82.5,-17.5,mid_left,7
-77.5,-17.5,paint,8
-72.5,-17.5,paint,4
-67.5,-17.5,paint,3
-62.5,-17.5,paint,5
-57.5,-17.5,paint,8
-52.5,-17.5,paint,1
-47.5,-17.5,paint,6
-42.5,-17.5,paint,5
-37.5,-17.5,paint,1
-37.5,-17.5,rim,2
-32.5,-17.5,rim,6
-27.5,-17.5,rim,7
-22.5,-17.5,rim,5
-17.5,-17.5,rim,23
-12.5,-17.5,rim,21
-7.5,-17.5,rim,26
-2.5,-17.5,rim,21
2.5,-17.5,rim,41
7.5,-17.5,rim,20
12.5,-17.5,rim,18
17.5,-17.5,rim,19
22.5,-17.5,rim,10
27.5,-17.5,rim,11
32.5,-17.5,rim,4
37.5,-17.5,paint,4
37.5,-17.5,rim,2
42.5,-17.5,paint,2
47.5,-17.5,paint,8
52.5,-17.5,paint,9
57.5,-17.5,paint,4
62.5,-17.5,paint,2
67.5,-17.5,paint,5
72.5,-17.5,paint,4
77.5,-17.5,paint,7
82.5,-17.5,mid_right,6
82.5,-17.5,paint,2
87.5,-17.5,mid_right,6
92.5,-17.5,mid_right,7
97.5,-17.5,mid_right,11
102.5,-17.5,mid_right,15
107.5,-17.5,mid_right,11
112.5,-17.5,mid_right,16
117.5,-17.5,mid_right,15
122.5,-17.5,mid_right,19
127.5,-17.5,mid_right,18
132.5,-17.5,mid_right,22
137.5,-17.5,mid_right,8
142.5,-17.5,mid_right,12
147.5,-17.5,mid_right,17
152.5,-17.5,mid_right,21
157.5,-17.5,mid_right,8
162.5,-17.5,mid_right,13
167.5,-17.5,mid_right,10
172.5,-17.5,mid_right,15
177.5,-17.5,mid_right,4
182.5,-17.5,mid_right,4
187.5,-17.5,mid_right,7
192.5,-17.5,mid_right,6
197.5,-17.5,mid_right,6
202.5,-17.5,mid_right,11
207.5,-17.5,mid_right,7
212.5,-17.5,mid_right,7
217.5,-17.5,mid_right,7
222.5,-17.5,corner3_right,117
227.5,-17.5,corner3_right,331
232.5,-17.5,corner3_right,326
237.5,-17.5,corner3_right,135
242.5,-17.5,corner3_right,40
247.5,-17.5,corner3_right,9
-247.5,-12.5,corner3_left,15
-242.5,-12.5,corner3_left,91
-237.5,-12.5,corner3_left,333
-232.5,-12.5,corner3_left,930
-227.5,-12.5,corner3_left,1068
-222.5,-12.5,corner3_left,480
-217.5,-12.5,corner3_left,1
-217.5,-12.5,mid_left,11
-212.5,-12.5,mid_left,5
-207.5,-12.5,mid_left,12
-202.5,-12.5,mid_left,8
-197.5,-12.5,mid_left,8
-192.5,-12.5,mid_left,9
-187.5,-12.5,mid_left,9
-182.5,-12.5,mid_left,8
-177.5,-12.5,mid_left,20
-172.5,-12.5,mid_left,8
-167.5,-12.5,mid_left,11
-162.5,-12.5,mid_left,13
-157.5,-12.5,mid_left,16
-152.5,-12.5,mid_left,14
-147.5,-12.5,mid_left,19
-142.5,-12.5,mid_left,17
-137.5,-12.5,mid_left,26
-132.5,-12.5,mid_left,32
-127.5,-12.5,mid_left,18
-122.5,-12.5,mid_left,27
-117.5,-12.5,mid_left,30
-112.5,-12.5,mid_left,20
-107.5,-12.5,mid_left,24
-102.5,-12.5,mid_left,20
-97.5,-12.5,mid_left,20
-92.5,-12.5,mid_left,19
-87.5,-12.5,mid_left,9
-82.5,-12.5,mid_left,13
-77.5,-12.5,paint,10
-72.5,-12.5,paint,18
-67.5,-12.5,paint,8
-62.5,-12.5,paint,13
-57.5,-12.5,paint,8
-52.5,-12.5,paint,8
-47.5,-12.5,paint,12
-42.5,-12.5,paint,16
-37.5,-12.5,paint,7
-37.5,-12.5,rim,11
-32.5,-12.5,rim,22
-27.5,-12.5,rim,34
-22.5,-12.5,rim,58
-17.5,-12.5,rim,77
-12.5,-12.5,rim,91
-7.5,-12.5,rim,123
-2.5,-12.5,rim,136
2.5,-12.5,rim,117
7.5,-12.5,rim,120
12.5,-12.5,rim,79
17.5,-12.5,rim,73
22.5,-12.5,rim,51
27.5,-12.5,rim,52
32.5,-12.5,rim,19
37.5,-12.5,paint,4
37.5,-12.5,rim,9
42.5,-12.5,paint,12
47.5,-12.5,paint,5
52.5,-12.5,paint,11
57.5,-12.5,paint,12
62.5,-12.5,paint,10
67.5,-12.5,paint,12
72.5,-12.5,paint,9
77.5,-12.5,paint,9
82.5,-12.5,mid_right,12
82.5,-12.5,paint,2
87.5,-12.5,mid_right,16
92.5,-12.5,mid_right,17
97.5,-12.5,mid_right,26
102.5,-12.5,mid_right,23
107.5,-12.5,mid_right,20
112.5,-12.5,mid_right,24
117.5,-12.5,mid_right,24
122.5,-12.5,mid_right,30
127.5,-12.5,mid_right,24
132.5,-12.5,mid_right,28
137.5,-12.5,mid_right,29
142.5,-12.5,mid_right,26
147.5,-12.5,mid_right,22
152.5,-12.5,mid_right,18
157.5,-12.5,mid_right,21
162.5,-12.5,mid_right,14
167.5,-12.5,mid_right,7
172.5,-12.5,mid_right,11
177.5,-12.5,mid_right,9
182.5,-12.5,mid_right,6
187.5,-12.5,mid_right,8
192.5,-12.5,mid_right,3
197.5,-12.5,mid_right,4
202.5,-12.5,mid_right,11
207.5,-12.5,mid_right,10
212.5,-12.5,mid_right,7
217.5,-12.5,mid_right,8
222.5,-12.5,corner3_right,168
227.5,-12.5,corner3_right,549
232.5,-12.5,corner3_right,515
237.5,-12.5,corner3_right,263
242.5,-12.5,corner3_right,70
247.5,-12.5,corner3_right,10
-247.5,-7.5,corner3_left,24
-242.5,-7.5,corner3_left,122
-237.5,-7.5,corner3_left,507
-232.5,-7.5,corner3_left,1330
-227.5,-7.5,corner3_left,1334
-222.5,-7.5,corner3_left,613
-217.5,-7.5,mid_left,13
-212.5,-7.5,mid_left,7
-207.5,-7.5,mid_left,19
-202.5,-7.5,mid_left,17
-197.5,-7.5,mid_left,22
-192.5,-7.5,mid_left,11
-187.5,-7.5,mid_left,22
-182.5,-7.5,mid_left,13
-177.5,-7.5,mid_left,9
-172.5,-7.5,mid_left,12
-167.5,-7.5,mid_left,12
-162.5,-7.5,mid_left,25
-157.5,-7.5,mid_left,26
-152.5,-7.5,mid_left,34
-147.5,-7.5,mid_left,30
-142.5,-7.5,mid_left,34
-137.5,-7.5,mid_left,32
-132.5,-7.5,mid_left,46
-127.5,-7.5,mid_left,32
-122.5,-7.5,mid_left,35
-117.5,-7.5,mid_left,46
-112.5,-7.5,mid_left,29
-107.5,-7.5,mid_left,47
-102.5,-7.5,mid_left,41
-97.5,-7.5,mid_left,59
-92.5,-7.5,mid_left,34
-87.5,-7.5,mid_left,30
-82.5,-7.5,mid_left,21
-77.5,-7.5,paint,24
-72.5,-7.5,paint,22
-67.5,-7.5,paint,16
-62.5,-7.5,paint,28
-57.5,-7.5,paint,24
-52.5,-7.5,paint,23
-47.5,-7.5,paint,33
-42.5,-7.5,paint,53
-37.5,-7.5,paint,19
-37.5,-7.5,rim,53
-32.5,-7.5,rim,70
-27.5,-7.5,rim,156
-22.5,-7.5,rim,204
-17.5,-7.5,rim,316
-12.5,-7.5,rim,404
-7.5,-7.5,rim,595
-2.5,-7.5,rim,686
2.5,-7.5,rim,693
7.5,-7.5,rim,498
12.5,-7.5,rim,398
17.5,-7.5,rim,382
22.5,-7.5,rim,244
27.5,-7.5,rim,183
32.5,-7.5,rim,80
37.5,-7.5,paint,4
37.5,-7.5,rim,55
42.5,-7.5,paint,38
47.5,-7.5,paint,23
52.5,-7.5,paint,24
57.5,-7.5,paint,27
62.5,-7.5,paint,22
67.5,-7.5,paint,23
72.5,-7.5,paint,21
77.5,-7.5,paint,15
82.5,-7.5,mid_right,19
82.5,-7.5,paint,4
87.5,-7.5,mid_right,35
92.5,-7.5,mid_right,40
97.5,-7.5,mid_right,32
102.5,-7.5,mid_right,32
107.5,-7.5,mid_right,38
112.5,-7.5,mid_right,39
117.5,-7.5,mid_right,39
122.5,-7.5,mid_right,37
127.5,-7.5,mid_right,40
132.5,-7.5,mid_right,39
137.5,-7.5,mid_right,46
142.5,-7.5,mid_right,42
147.5,-7.5,mid_right,31
152.5,-7.5,mid_right,42
157.5,-7.5,mid_right,23
162.5,-7.5,mid_right,19
167.5,-7.5,mid_right,14
172.5,-7.5,mid_right,17
177.5,-7.5,mid_right,21
182.5,-7.5,mid_right,15
187.5,-7.5,mid_right,14
192.5,-7.5,mid_right,9
197.5,-7.5,mid_right,15
202.5,-7.5,mid_right,12
207.5,-7.5,mid_right,13
212.5,-7.5,mid_right,8
217.5,-7.5,mid_right,7
222.5,-7.5,corner3_right,278
227.5,-7.5,corner3_right,817
232.5,-7.5,corner3_right,832
237.5,-7.5,corner3_right,359
242.5,-7.5,corner3_right,96
247.5,-7.5,corner3_right,19
252.5,-7.5,corner3_right,1
-247.5,-2.5,corner3_left,21
-242.5,-2.5,corner3_left,118
-237.5,-2.5,corner3_left,550
-232.5,-2.5,corner3_left,1448
-227.5,-2.5,corner3_left,1540
-222.5,-2.5,corner3_left,695
-217.5,-2.5,mid_left,24
-212.5,-2.5,mid_left,13
-207.5,-2.5,mid_left,19
-202.5,-2.5,mid_left,23
-197.5,-2.5,mid_left,22
-192.5,-2.5,mid_left,11
-187.5,-2.5,mid_left,16
-182.5,-2.5,mid_left,15
-177.5,-2.5,mid_left,22
-172.5,-2.5,mid_left,17
-167.5,-2.5,mid_left,17
-162.5,-2.5,mid_left,25
-157.5,-2.5,mid_left,31
-152.5,-2.5,mid_left,30
-147.5,-2.5,mid_left,41
-142.5,-2.5,mid_left,32
-137.5,-2.5,mid_left,48
-132.5,-2.5,mid_left,38
-127.5,-2.5,mid_left,49
-122.5,-2.5,mid_left,50
-117.5,-2.5,mid_left,50
-112.5,-2.5,mid_left,51
-107.5,-2.5,mid_left,61
-102.5,-2.5,mid_left,56
-97.5,-2.5,mid_left,70
-92.5,-2.5,mid_left,45
-87.5,-2.5,mid_left,43
-82.5,-2.5,mid_left,49
-77.5,-2.5,paint,34
-72.5,-2.5,paint,29
-67.5,-2.5,paint,45
-62.5,-2.5,paint,45
-57.5,-2.5,paint,43
-52.5,-2.5,paint,61
-47.5,-2.5,paint,72
-42.5,-2.5,paint,93
-37.5,-2.5,paint,19
-37.5,-2.5,rim,136
-32.5,-2.5,rim,224
-27.5,-2.5,rim,423
-22.5,-2.5,rim,691
-17.5,-2.5,rim,964
-12.5,-2.5,rim,1197
-7.5,-2.5,rim,1733
-2.5,-2.5,rim,2216
2.5,-2.5,rim,2307
7.5,-2.5,rim,1742
12.5,-2.5,rim,1355
17.5,-2.5,rim,1044
22.5,-2.5,rim,655
27.5,-2.5,rim,489
32.5,-2.5,rim,209
37.5,-2.5,rim,139
42.5,-2.5,paint,99
47.5,-2.5,paint,60
52.5,-2.5,paint,54
57.5,-2.5,paint,43
62.5,-2.5,paint,38
67.5,-2.5,paint,54
72.5,-2.5,paint,40
77.5,-2.5,paint,48
82.5,-2.5,mid_right,37
82.5,-2.5,paint,8
87.5,-2.5,mid_right,43
92.5,-2.5,mid_right,67
97.5,-2.5,mid_right,58
102.5,-2.5,mid_right,66
107.5,-2.5,mid_right,69
112.5,-2.5,mid_right,63
117.5,-2.5,mid_right,52
122.5,-2.5,mid_right,64
127.5,-2.5,mid_right,52
132.5,-2.5,mid_right,52
137.5,-2.5,mid_right,60
142.5,-2.5,mid_right,59
147.5,-2.5,mid_right,45
152.5,-2.5,mid_right,42
157.5,-2.5,mid_right,41
162.5,-2.5,mid_right,32
167.5,-2.5,mid_right,26
172.5,-2.5,mid_right,23
177.5,-2.5,mid_right,19
182.5,-2.5,mid_right,13
187.5,-2.5,mid_right,18
192.5,-2.5,mid_right,18
197.5,-2.5,mid_right,13
202.5,-2.5,mid_right,20
207.5,-2.5,mid_right,11
212.5,-2.5,mid_right,9
217.5,-2.5,mid_right,12
222.5,-2.5,corner3_right,330
227.5,-2.5,corner3_right,995
232.5,-2.5,corner3_right,1021
237.5,-2.5,corner3_right,415
242.5,-2.5,corner3_right,93
247.5,-2.5,corner3_right,17
252.5,-2.5,corner3_right,2
-247.5,2.5,corner3_left,18
-242.5,2.5,corner3_left,112
-237.5,2.5,corner3_left,611
-232.5,2.5,corner3_left,1556
-227.5,2.5,corner3_left,1686
-222.5,2.5,corner3_left,1033
-217.5,2.5,mid_left,27
-212.5,2.5,mid_left,10
-207.5,2.5,mid_left,21
-202.5,2.5,mid_left,32
-197.5,2.5,mid_left,33
-192.5,2.5,mid_left,18
-187.5,2.5,mid_left,20
-182.5,2.5,mid_left,16
-177.5,2.5,mid_left,16
-172.5,2.5,mid_left,14
-167.5,2.5,mid_left,32
-162.5,2.5,mid_left,32
-157.5,2.5,mid_left,31
-152.5,2.5,mid_left,55
-147.5,2.5,mid_left,53
-142.5,2.5,mid_left,63
-137.5,2.5,mid_left,66
-132.5,2.5,mid_left,55
-127.5,2.5,mid_left,74
-122.5,2.5,mid_left,70
-117.5,2.5,mid_left,80
-112.5,2.5,mid_left,77
-107.5,2.5,mid_left,70
-102.5,2.5,mid_left,93
-97.5,2.5,mid_left,95
-92.5,2.5,mid_left,56
-87.5,2.5,mid_left,66
-82.5,2.5,mid_left,50
-77.5,2.5,paint,55
-72.5,2.5,paint,64
-67.5,2.5,paint,73
-62.5,2.5,paint,62
-57.5,2.5,paint,90
-52.5,2.5,paint,93
-47.5,2.5,paint,143
-42.5,2.5,paint,164
-37.5,2.5,paint,60
-37.5,2.5,rim,289
-32.5,2.5,rim,547
-27.5,2.5,rim,898
-22.5,2.5,rim,1491
-17.5,2.5,rim,2180
-12.5,2.5,rim,2674
-7.5,2.5,rim,3577
-2.5,2.5,rim,5228
2.5,2.5,rim,35323
7.5,2.5,rim,4271
12.5,2.5,rim,3158
17.5,2.5,rim,2427
22.5,2.5,rim,1611
27.5,2.5,rim,1178
32.5,2.5,rim,441
37.5,2.5,rim,286
42.5,2.5,paint,223
47.5,2.5,paint,160
52.5,2.5,paint,115
57.5,2.5,paint,94
62.5,2.5,paint,82
67.5,2.5,paint,74
72.5,2.5,paint,64
77.5,2.5,paint,58
82.5,2.5,mid_right,49
82.5,2.5,paint,18
87.5,2.5,mid_right,60
92.5,2.5,mid_right,96
97.5,2.5,mid_right,81
102.5,2.5,mid_right,80
107.5,2.5,mid_right,68
112.5,2.5,mid_right,79
117.5,2.5,mid_right,77
122.5,2.5,mid_right,77
127.5,2.5,mid_right,66
132.5,2.5,mid_right,75
137.5,2.5,mid_right,86
142.5,2.5,mid_right,65
147.5,2.5,mid_right,60
152.5,2.5,mid_right,61
157.5,2.5,mid_right,49
162.5,2.5,mid_right,35
167.5,2.5,mid_right,30
172.5,2.5,mid_right,19
177.5,2.5,mid_right,20
182.5,2.5,mid_right,18
187.5,2.5,mid_right,23
192.5,2.5,mid_right,8
197.5,2.5,mid_right,12
202.5,2.5,mid_right,20
207.5,2.5,mid_right,34
212.5,2.5,mid_right,11
217.5,2.5,mid_right,10
222.5,2.5,corner3_right,626
227.5,2.5,corner3_right,1145
232.5,2.5,corner3_right,1274
237.5,2.5,corner3_right,612
242.5,2.5,corner3_right,156
247.5,2.5,corner3_right,20
252.5,2.5,corner3_right,1
-247.5,7.5,corner3_left,23
-242.5,7.5,corner3_left,125
-237.5,7.5,corner3_left,687
-232.5,7.5,corner3_left,1719
-227.5,7.5,corner3_left,1804
-222.5,7.5,corner3_left,825
-217.5,7.5,mid_left,17
-212.5,7.5,mid_left,16
-207.5,7.5,mid_left,31
-202.5,7.5,mid_left,33
-197.5,7.5,mid_left,26
-192.5,7.5,mid_left,24
-187.5,7.5,mid_left,26
-182.5,7.5,mid_left,20
-177.5,7.5,mid_left,18
-172.5,7.5,mid_left,16
-167.5,7.5,mid_left,47
-162.5,7.5,mid_left,60
-157.5,7.5,mid_left,49
-152.5,7.5,mid_left,62
-147.5,7.5,mid_left,66
-142.5,7.5,mid_left,69
-137.5,7.5,mid_left,78
-132.5,7.5,mid_left,85
-127.5,7.5,mid_left,95
-122.5,7.5,mid_left,70
-117.5,7.5,mid_left,92
-112.5,7.5,mid_left,97
-107.5,7.5,mid_left,89
-102.5,7.5,mid_left,87
-97.5,7.5,mid_left,129
-92.5,7.5,mid_left,93
-87.5,7.5,mid_left,85
-82.5,7.5,mid_left,70
-77.5,7.5,paint,57
-72.5,7.5,paint,104
-67.5,7.5,paint,117
-62.5,7.5,paint,126
-57.5,7.5,paint,148
-52.5,7.5,paint,163
-47.5,7.5,paint,236
-42.5,7.5,paint,334
-37.5,7.5,paint,125
-37.5,7.5,rim,549
-32.5,7.5,rim,899
-27.5,7.5,rim,1470
-22.5,7.5,rim,2429
-17.5,7.5,rim,3362
-12.5,7.5,rim,4014
-7.5,7.5,rim,5187
-2.5,7.5,rim,7658
2.5,7.5,rim,8373
7.5,7.5,rim,6510
12.5,7.5,rim,4984
17.5,7.5,rim,4087
22.5,7.5,rim,3029
27.5,7.5,rim,2212
32.5,7.5,rim,972
37.5,7.5,paint,22
37.5,7.5,rim,588
42.5,7.5,paint,391
47.5,7.5,paint,288
52.5,7.5,paint,242
57.5,7.5,paint,188
62.5,7.5,paint,121
67.5,7.5,paint,116
72.5,7.5,paint,118
77.5,7.5,paint,82
82.5,7.5,mid_right,68
82.5,7.5,paint,28
87.5,7.5,mid_right,86
92.5,7.5,mid_right,88
97.5,7.5,mid_right,97
102.5,7.5,mid_right,80
107.5,7.5,mid_right,93
112.5,7.5,mid_right,85
117.5,7.5,mid_right,85
122.5,7.5,mid_right,88
127.5,7.5,mid_right,88
132.5,7.5,mid_right,88
137.5,7.5,mid_right,86
142.5,7.5,mid_right,78
147.5,7.5,mid_right,56
152.5,7.5,mid_right,73
157.5,7.5,mid_right,53
162.5,7.5,mid_right,40
167.5,7.5,mid_right,28
172.5,7.5,mid_right,27
177.5,7.5,mid_right,27
182.5,7.5,mid_right,19
187.5,7.5,mid_right,21
192.5,7.5,mid_right,22
197.5,7.5,mid_right,24
202.5,7.5,mid_right,27
207.5,7.5,mid_right,25
212.5,7.5,mid_right,16
217.5,7.5,mid_right,9
222.5,7.5,corner3_right,442
227.5,7.5,corner3_right,1376
232.5,7.5,corner3_right,1583
237.5,7.5,corner3_right,728
242.5,7.5,corner3_right,162
247.5,7.5,corner3_right,26
252.5,7.5,corner3_right,1
-247.5,12.5,corner3_left,16
-242.5,12.5,corner3_left,135
-237.5,12.5,corner3_left,596
-232.5,12.5,corner3_left,1678
-227.5,12.5,corner3_left,1603
-222.5,12.5,corner3_left,741
-217.5,12.5,mid_left,23
-212.5,12.5,mid_left,10
-207.5,12.5,mid_left,17
-202.5,12.5,mid_left,26
-197.5,12.5,mid_left,18
-192.5,12.5,mid_left,22
-187.5,12.5,mid_left,24
-182.5,12.5,mid_left,17
-177.5,12.5,mid_left,25
-172.5,12.5,mid_left,16
-167.5,12.5,mid_left,27
-162.5,12.5,mid_left,41
-157.5,12.5,mid_left,52
-152.5,12.5,mid_left,56
-147.5,12.5,mid_left,57
-142.5,12.5,mid_left,67
-137.5,12.5,mid_left,82
-132.5,12.5,mid_left,79
-127.5,12.5,mid_left,76
-122.5,12.5,mid_left,72
-117.5,12.5,mid_left,104
-112.5,12.5,mid_left,93
-107.5,12.5,mid_left,79
-102.5,12.5,mid_left,89
-97.5,12.5,mid_left,125
-92.5,12.5,mid_left,104
-87.5,12.5,mid_left,83
-82.5,12.5,mid_left,82
-77.5,12.5,paint,77
-72.5,12.5,paint,109
-67.5,12.5,paint,130
-62.5,12.5,paint,150
-57.5,12.5,paint,168
-52.5,12.5,paint,219
-47.5,12.5,paint,279
-42.5,12.5,paint,442
-37.5,12.5,paint,325
-37.5,12.5,rim,479
-32.5,12.5,rim,1030
-27.5,12.5,rim,1759
-22.5,12.5,rim,2568
-17.5,12.5,rim,3330
-12.5,12.5,rim,3674
-7.5,12.5,rim,4854
-2.5,12.5,rim,6705
2.5,12.5,rim,7401
7.5,12.5,rim,5930
12.5,12.5,rim,4547
17.5,12.5,rim,4032
22.5,12.5,rim,3289
27.5,12.5,rim,2620
32.5,12.5,rim,1196
37.5,12.5,paint,235
37.5,12.5,rim,515
42.5,12.5,paint,556
47.5,12.5,paint,376
52.5,12.5,paint,308
57.5,12.5,paint,197
62.5,12.5,paint,185
67.5,12.5,paint,158
72.5,12.5,paint,121
77.5,12.5,paint,101
82.5,12.5,mid_right,62
82.5,12.5,paint,20
87.5,12.5,mid_right,117
92.5,12.5,mid_right,114
97.5,12.5,mid_right,90
102.5,12.5,mid_right,89
107.5,12.5,mid_right,101
112.5,12.5,mid_right,87
117.5,12.5,mid_right,99
122.5,12.5,mid_right,98
127.5,12.5,mid_right,88
132.5,12.5,mid_right,89
137.5,12.5,mid_right,87
142.5,12.5,mid_right,89
147.5,12.5,mid_right,68
152.5,12.5,mid_right,54
157.5,12.5,mid_right,55
162.5,12.5,mid_right,40
167.5,12.5,mid_right,32
172.5,12.5,mid_right,32
177.5,12.5,mid_right,24
182.5,12.5,mid_right,20
187.5,12.5,mid_right,25
192.5,12.5,mid_right,29
197.5,12.5,mid_right,27
202.5,12.5,mid_right,21
207.5,12.5,mid_right,18
212.5,12.5,mid_right,21
217.5,12.5,mid_right,14
222.5,12.5,corner3_right,420
227.5,12.5,corner3_right,1396
232.5,12.5,corner3_right,1492
237.5,12.5,corner3_right,710
242.5,12.5,corner3_right,179
247.5,12.5,corner3_right,25
252.5,12.5,corner3_right,1
-247.5,17.5,corner3_left,16
-242.5,17.5,corner3_left,134
-237.5,17.5,corner3_left,612
-232.5,17.5,corner3_left,1597
-227.5,17.5,corner3_left,1392
-222.5,17.5,corner3_left,659
-217.5,17.5,mid_left,14
-212.5,17.5,mid_left,10
-207.5,17.5,mid_left,38
-202.5,17.5,mid_left,21
-197.5,17.5,mid_left,24
-192.5,17.5,mid_left,28
-187.5,17.5,mid_left,24
-182.5,17.5,mid_left,29
-177.5,17.5,mid_left,14
-172.5,17.5,mid_left,28
-167.5,17.5,mid_left,45
-162.5,17.5,mid_left,49
-157.5,17.5,mid_left,50
-152.5,17.5,mid_left,70
-147.5,17.5,mid_left,73
-142.5,17.5,mid_left,72
-137.5,17.5,mid_left,64
-132.5,17.5,mid_left,83
-127.5,17.5,mid_left,88
-122.5,17.5,mid_left,85
-117.5,17.5,mid_left,84
-112.5,17.5,mid_left,92
-107.5,17.5,mid_left,100
-102.5,17.5,mid_left,82
-97.5,17.5,mid_left,117
-92.5,17.5,mid_left,112
-87.5,17.5,mid_left,66
-82.5,17.5,mid_left,84
-77.5,17.5,paint,85
-72.5,17.5,paint,136
-67.5,17.5,paint,136
-62.5,17.5,paint,181
-57.5,17.5,paint,187
-52.5,17.5,paint,278
-47.5,17.5,paint,347
-42.5,17.5,paint,500
-37.5,17.5,paint,737
-37.5,17.5,rim,229
-32.5,17.5,rim,1160
-27.5,17.5,rim,1813
-22.5,17.5,rim,2369
-17.5,17.5,rim,2809
-12.5,17.5,rim,3038
-7.5,17.5,rim,3773
-2.5,17.5,rim,5056
2.5,17.5,rim,5440
7.5,17.5,rim,4494
12.5,17.5,rim,3700
17.5,17.5,rim,3390
22.5,17.5,rim,3012
27.5,17.5,rim,2632
32.5,17.5,rim,1388
37.5,17.5,paint,671
37.5,17.5,rim,268
42.5,17.5,paint,709
47.5,17.5,paint,494
52.5,17.5,paint,357
57.5,17.5,paint,257
62.5,17.5,paint,226
67.5,17.5,paint,152
72.5,17.5,paint,156
77.5,17.5,paint,105
82.5,17.5,mid_right,81
82.5,17.5,paint,30
87.5,17.5,mid_right,130
92.5,17.5,mid_right,115
97.5,17.5,mid_right,122
102.5,17.5,mid_right,89
107.5,17.5,mid_right,92
112.5,17.5,mid_right,91
117.5,17.5,mid_right,104
122.5,17.5,mid_right,82
127.5,17.5,mid_right,92
132.5,17.5,mid_right,71
137.5,17.5,mid_right,71
142.5,17.5,mid_right,76
147.5,17.5,mid_right,68
152.5,17.5,mid_right,64
157.5,17.5,mid_right,38
162.5,17.5,mid_right,45
167.5,17.5,mid_right,33
172.5,17.5,mid_right,24
177.5,17.5,mid_right,31
182.5,17.5,mid_right,13
187.5,17.5,mid_right,12
192.5,17.5,mid_right,18
197.5,17.5,mid_right,20
202.5,17.5,mid_right,24
207.5,17.5,mid_right,23
212.5,17.5,mid_right,16
217.5,17.5,mid_right,19
222.5,17.5,corner3_right,436
227.5,17.5,corner3_right,1313
232.5,17.5,corner3_right,1461
237.5,17.5,corner3_right,648
242.5,17.5,corner3_right,158
247.5,17.5,corner3_right,27
252.5,17.5,corner3_right,2
-247.5,22.5,corner3_left,16
-242.5,22.5,corner3_left,91
-237.5,22.5,corner3_left,453
-232.5,22.5,corner3_left,1256
-227.5,22.5,corner3_left,1279
-222.5,22.5,corner3_left,502
-217.5,22.5,mid_left,15
-212.5,22.5,mid_left,7
-207.5,22.5,mid_left,17
-202.5,22.5,mid_left,20
-197.5,22.5,mid_left,23
-192.5,22.5,mid_left,17
-187.5,22.5,mid_left,24
-182.5,22.5,mid_left,11
-177.5,22.5,mid_left,29
-172.5,22.5,mid_left,22
-167.5,22.5,mid_left,36
-162.5,22.5,mid_left,47
-157.5,22.5,mid_left,40
-152.5,22.5,mid_left,46
-147.5,22.5,mid_left,50
-142.5,22.5,mid_left,69
-137.5,22.5,mid_left,100
-132.5,22.5,mid_left,61
-127.5,22.5,mid_left,77
-122.5,22.5,mid_left,70
-117.5,22.5,mid_left,94
-112.5,22.5,mid_left,74
-107.5,22.5,mid_left,72
-102.5,22.5,mid_left,80
-97.5,22.5,mid_left,110
-92.5,22.5,mid_left,105
-87.5,22.5,mid_left,74
-82.5,22.5,mid_left,65
-77.5,22.5,paint,98
-72.5,22.5,paint,119
-67.5,22.5,paint,159
-62.5,22.5,paint,185
-57.5,22.5,paint,216
-52.5,22.5,paint,257
-47.5,22.5,paint,413
-42.5,22.5,paint,530
-37.5,22.5,paint,930
-32.5,22.5,paint,224
-32.5,22.5,rim,805
-27.5,22.5,rim,1452
-22.5,22.5,rim,1848
-17.5,22.5,rim,1972
-12.5,22.5,rim,2203
-7.5,22.5,rim,2640
-2.5,22.5,rim,3318
2.5,22.5,rim,3564
7.5,22.5,rim,2927
12.5,22.5,rim,2484
17.5,22.5,rim,2268
22.5,22.5,rim,2167
27.5,22.5,rim,2121
32.5,22.5,paint,238
32.5,22.5,rim,999
37.5,22.5,paint,900
42.5,22.5,paint,675
47.5,22.5,paint,527
52.5,22.5,paint,366
57.5,22.5,paint,315
62.5,22.5,paint,235
67.5,22.5,paint,184
72.5,22.5,paint,161
77.5,22.5,paint,117
82.5,22.5,mid_right,88
82.5,22.5,paint,20
87.5,22.5,mid_right,116
92.5,22.5,mid_right,118
97.5,22.5,mid_right,101
102.5,22.5,mid_right,86
107.5,22.5,mid_right,96
112.5,22.5,mid_right,101
117.5,22.5,mid_right,72
122.5,22.5,mid_right,74
127.5,22.5,mid_right,66
132.5,22.5,mid_right,66
137.5,22.5,mid_right,75
142.5,22.5,mid_right,65
147.5,22.5,mid_right,51
152.5,22.5,mid_right,65
157.5,22.5,mid_right,45
162.5,22.5,mid_right,29
167.5,22.5,mid_right,22
172.5,22.5,mid_right,24
177.5,22.5,mid_right,21
182.5,22.5,mid_right,23
187.5,22.5,mid_right,19
192.5,22.5,mid_right,21
197.5,22.5,mid_right,19
202.5,22.5,mid_right,18
207.5,22.5,mid_right,19
212.5,22.5,mid_right,6
217.5,22.5,mid_right,8
222.5,22.5,corner3_right,381
227.5,22.5,corner3_right,1083
232.5,22.5,corner3_right,1340
237.5,22.5,corner3_right,602
242.5,22.5,corner3_right,159
247.5,22.5,corner3_right,16
252.5,22.5,corner3_right,2
-247.5,27.5,corner3_left,11
-242.5,27.5,corner3_left,80
-237.5,27.5,corner3_left,475
-232.5,27.5,corner3_left,1242
-227.5,27.5,corner3_left,1189
-222.5,27.5,corner3_left,503
-217.5,27.5,mid_left,17
-212.5,27.5,mid_left,5
-207.5,27.5,mid_left,20
-202.5,27.5,mid_left,19
-197.5,27.5,mid_left,29
-192.5,27.5,mid_left,20
-187.5,27.5,mid_left,24
-182.5,27.5,mid_left,21
-177.5,27.5,mid_left,22
-172.5,27.5,mid_left,23
-167.5,27.5,mid_left,28
-162.5,27.5,mid_left,50
-157.5,27.5,mid_left,52
-152.5,27.5,mid_left,50
-147.5,27.5,mid_left,74
-142.5,27.5,mid_left,87
-137.5,27.5,mid_left,80
-132.5,27.5,mid_left,74
-127.5,27.5,mid_left,76
-122.5,27.5,mid_left,75
-117.5,27.5,mid_left,96
-112.5,27.5,mid_left,99
-107.5,27.5,mid_left,76
-102.5,27.5,mid_left,95
-97.5,27.5,mid_left,129
-92.5,27.5,mid_left,88
-87.5,27.5,mid_left,111
-82.5,27.5,mid_left,91
-77.5,27.5,paint,122
-72.5,27.5,paint,152
-67.5,27.5,paint,163
-62.5,27.5,paint,229
-57.5,27.5,paint,229
-52.5,27.5,paint,308
-47.5,27.5,paint,446
-42.5,27.5,paint,554
-37.5,27.5,paint,916
-32.5,27.5,paint,949
-32.5,27.5,rim,87
-27.5,27.5,paint,132
-27.5,27.5,rim,1169
-22.5,27.5,rim,1507
-17.5,27.5,rim,1664
-12.5,27.5,rim,1784
-7.5,27.5,rim,2100
-2.5,27.5,rim,2704
2.5,27.5,rim,2730
7.5,27.5,rim,2412
12.5,27.5,rim,2040
17.5,27.5,rim,1831
22.5,27.5,rim,1777
27.5,27.5,paint,161
27.5,27.5,rim,1650
32.5,27.5,paint,1127
32.5,27.5,rim,76
37.5,27.5,paint,876
42.5,27.5,paint,752
47.5,27.5,paint,600
52.5,27.5,paint,446
57.5,27.5,paint,344
62.5,27.5,paint,282
67.5,27.5,paint,235
72.5,27.5,paint,204
77.5,27.5,paint,120
82.5,27.5,mid_right,99
82.5,27.5,paint,31
87.5,27.5,mid_right,134
92.5,27.5,mid_right,122
97.5,27.5,mid_right,93
102.5,27.5,mid_right,102
107.5,27.5,mid_right,104
112.5,27.5,mid_right,105
117.5,27.5,mid_right,96
122.5,27.5,mid_right,70
127.5,27.5,mid_right,81
132.5,27.5,mid_right,83
137.5,27.5,mid_right,72
142.5,27.5,mid_right,52
147.5,27.5,mid_right,62
152.5,27.5,mid_right,67
157.5,27.5,mid_right,43
162.5,27.5,mid_right,43
167.5,27.5,mid_right,30
172.5,27.5,mid_right,20
177.5,27.5,mid_right,9
182.5,27.5,mid_right,18
187.5,27.5,mid_right,15
192.5,27.5,mid_right,18
197.5,27.5,mid_right,21
202.5,27.5,mid_right,17
207.5,27.5,mid_right,22
212.5,27.5,mid_right,8
217.5,27.5,mid_right,14
222.5,27.5,corner3_right,376
227.5,27.5,corner3_right,1221
232.5,27.5,corner3_right,1355
237.5,27.5,corner3_right,631
242.5,27.5,corner3_right,165
247.5,27.5,corner3_right,28
252.5,27.5,corner3_right,2
-247.5,32.5,corner3_left,12
-242.5,32.5,corner3_left,64
-237.5,32.5,corner3_left,344
-232.5,32.5,corner3_left,968
-227.5,32.5,corner3_left,906
-222.5,32.5,corner3_left,387
-217.5,32.5,corner3_left,1
-217.5,32.5,mid_left,8
-212.5,32.5,mid_left,7
-207.5,32.5,mid_left,10
-202.5,32.5,mid_left,15
-197.5,32.5,mid_left,19
-192.5,32.5,mid_left,16
-187.5,32.5,mid_left,21
-182.5,32.5,mid_left,16
-177.5,32.5,mid_left,8
-172.5,32.5,mid_left,13
-167.5,32.5,mid_left,19
-162.5,32.5,mid_left,40
-157.5,32.5,mid_left,28
-152.5,32.5,mid_left,49
-147.5,32.5,mid_left,51
-142.5,32.5,mid_left,63
-137.5,32.5,mid_left,60
-132.5,32.5,mid_left,73
-127.5,32.5,mid_left,64
-122.5,32.5,mid_left,76
-117.5,32.5,mid_left,69
-112.5,32.5,mid_left,70
-107.5,32.5,mid_left,85
-102.5,32.5,mid_left,86
-97.5,32.5,mid_left,122
-92.5,32.5,mid_left,98
-87.5,32.5,mid_left,101
-82.5,32.5,mid_left,97
-77.5,32.5,paint,100
-72.5,32.5,paint,128
-67.5,32.5,paint,179
-62.5,32.5,paint,188
-57.5,32.5,paint,221
-52.5,32.5,paint,309
-47.5,32.5,paint,388
-42.5,32.5,paint,457
-37.5,32.5,paint,754
-32.5,32.5,paint,722
-27.5,32.5,paint,870
-27.5,32.5,rim,30
-22.5,32.5,paint,299
-22.5,32.5,rim,695
-17.5,32.5,rim,1082
-12.5,32.5,rim,1155
-7.5,32.5,rim,1420
-2.5,32.5,rim,1703
2.5,32.5,rim,1820
7.5,32.5,rim,1551
12.5,32.5,rim,1250
17.5,32.5,rim,1084
22.5,32.5,paint,148
22.5,32.5,rim,933
27.5,32.5,paint,1109
27.5,32.5,rim,148
32.5,32.5,paint,858
37.5,32.5,paint,738
42.5,32.5,paint,642
47.5,32.5,paint,507
52.5,32.5,paint,427
57.5,32.5,paint,306
62.5,32.5,paint,266
67.5,32.5,paint,231
72.5,32.5,paint,160
77.5,32.5,paint,141
82.5,32.5,mid_right,61
82.5,32.5,paint,26
87.5,32.5,mid_right,133
92.5,32.5,mid_right,121
97.5,32.5,mid_right,93
102.5,32.5,mid_right,90
107.5,32.5,mid_right,80
112.5,32.5,mid_right,70
117.5,32.5,mid_right,78
122.5,32.5,mid_right,54
127.5,32.5,mid_right,51
132.5,32.5,mid_right,59
137.5,32.5,mid_right,65
142.5,32.5,mid_right,52
147.5,32.5,mid_right,55
152.5,32.5,mid_right,40
157.5,32.5,mid_right,34
162.5,32.5,mid_right,36
167.5,32.5,mid_right,32
172.5,32.5,mid_right,27
177.5,32.5,mid_right,21
182.5,32.5,mid_right,12
187.5,32.5,mid_right,14
192.5,32.5,mid_right,11
197.5,32.5,mid_right,14
202.5,32.5,mid_right,15
207.5,32.5,mid_right,18
212.5,32.5,mid_right,10
217.5,32.5,mid_right,7
222.5,32.5,corner3_right,313
227.5,32.5,corner3_right,890
232.5,32.5,corner3_right,1091
237.5,32.5,corner3_right,535
242.5,32.5,corner3_right,156
247.5,32.5,corner3_right,22
252.5,32.5,corner3_right,1
-247.5,37.5,corner3_left,14
-242.5,37.5,corner3_left,59
-237.5,37.5,corner3_left,320
-232.5,37.5,corner3_left,786
-227.5,37.5,corner3_left,763
-222.5,37.5,corner3_left,319
-217.5,37.5,mid_left,5
-212.5,37.5,mid_left,14
-207.5,37.5,mid_left,15
-202.5,37.5,mid_left,9
-197.5,37.5,mid_left,28
-192.5,37.5,mid_left,12
-187.5,37.5,mid_left,13
-182.5,37.5,mid_left,10
-177.5,37.5,mid_left,14
-172.5,37.5,mid_left,20
-167.5,37.5,mid_left,28
-162.5,37.5,mid_left,38
-157.5,37.5,mid_left,25
-152.5,37.5,mid_left,39
-147.5,37.5,mid_left,44
-142.5,37.5,mid_left,53
-137.5,37.5,mid_left,59
-132.5,37.5,mid_left,51
-127.5,37.5,mid_left,46
-122.5,37.5,mid_left,63
-117.5,37.5,mid_left,72
-112.5,37.5,mid_left,49
-107.5,37.5,mid_left,66
-102.5,37.5,mid_left,76
-97.5,37.5,mid_left,104
-92.5,37.5,mid_left,94
-87.5,37.5,mid_left,89
-82.5,37.5,mid_left,79
-77.5,37.5,paint,104
-72.5,37.5,paint,127
-67.5,37.5,paint,181
-62.5,37.5,paint,197
-57.5,37.5,paint,213
-52.5,37.5,paint,234
-47.5,37.5,paint,359
-42.5,37.5,paint,399
-37.5,37.5,paint,581
-32.5,37.5,paint,569
-27.5,37.5,paint,667
-22.5,37.5,paint,741
-17.5,37.5,paint,607
-17.5,37.5,rim,173
-12.5,37.5,paint,233
-12.5,37.5,rim,613
-7.5,37.5,paint,65
-7.5,37.5,rim,972
-2.5,37.5,rim,1355
2.5,37.5,rim,1351
7.5,37.5,paint,29
7.5,37.5,rim,1069
12.5,37.5,paint,167
12.5,37.5,rim,735
17.5,37.5,paint,507
17.5,37.5,rim,332
22.5,37.5,paint,773
27.5,37.5,paint,901
32.5,37.5,paint,663
37.5,37.5,paint,540
42.5,37.5,paint,503
47.5,37.5,paint,407
52.5,37.5,paint,360
57.5,37.5,paint,292
62.5,37.5,paint,269
67.5,37.5,paint,199
72.5,37.5,paint,182
77.5,37.5,paint,117
82.5,37.5,mid_right,66
82.5,37.5,paint,24
87.5,37.5,mid_right,114
92.5,37.5,mid_right,103
97.5,37.5,mid_right,94
102.5,37.5,mid_right,83
107.5,37.5,mid_right,79
112.5,37.5,mid_right,57
117.5,37.5,mid_right,63
122.5,37.5,mid_right,63
127.5,37.5,mid_right,37
132.5,37.5,mid_right,52
137.5,37.5,mid_right,42
142.5,37.5,mid_right,50
147.5,37.5,mid_right,53
152.5,37.5,mid_right,37
157.5,37.5,mid_right,27
162.5,37.5,mid_right,26
167.5,37.5,mid_right,23
172.5,37.5,mid_right,16
177.5,37.5,mid_right,13
182.5,37.5,mid_right,17
187.5,37.5,mid_right,14
192.5,37.5,mid_right,14
197.5,37.5,mid_right,16
202.5,37.5,mid_right,14
207.5,37.5,mid_right,10
212.5,37.5,mid_right,8
217.5,37.5,mid_right,12
222.5,37.5,corner3_right,247
227.5,37.5,corner3_right,802
232.5,37.5,corner3_right,882
237.5,37.5,corner3_right,433
242.5,37.5,corner3_right,129
247.5,37.5,corner3_right,11
252.5,37.5,corner3_right,1
-247.5,42.5,corner3_left,7
-242.5,42.5,corner3_left,54
-237.5,42.5,corner3_left,226
-232.5,42.5,corner3_left,641
-227.5,42.5,corner3_left,667
-222.5,42.5,corner3_left,258
-217.5,42.5,mid_left,6
-212.5,42.5,mid_left,6
-207.5,42.5,mid_left,5
-202.5,42.5,mid_left,14
-197.5,42.5,mid_left,12
-192.5,42.5,mid_left,13
-187.5,42.5,mid_left,14
-182.5,42.5,mid_left,17
-177.5,42.5,mid_left,16
-172.5,42.5,mid_left,15
-167.5,42.5,mid_left,30
-162.5,42.5,mid_left,31
-157.5,42.5,mid_left,44
-152.5,42.5,mid_left,28
-147.5,42.5,mid_left,46
-142.5,42.5,mid_left,49
-137.5,42.5,mid_left,42
-132.5,42.5,mid_left,49
-127.5,42.5,mid_left,57
-122.5,42.5,mid_left,60
-117.5,42.5,mid_left,68
-112.5,42.5,mid_left,71
-107.5,42.5,mid_left,63
-102.5,42.5,mid_left,68
-97.5,42.5,mid_left,113
-92.5,42.5,mid_left,77
-87.5,42.5,mid_left,93
-82.5,42.5,mid_left,93
-77.5,42.5,paint,104
-72.5,42.5,paint,161
-67.5,42.5,paint,171
-62.5,42.5,paint,174
-57.5,42.5,paint,196
-52.5,42.5,paint,228
-47.5,42.5,paint,293
-42.5,42.5,paint,338
-37.5,42.5,paint,528
-32.5,42.5,paint,430
-27.5,42.5,paint,523
-22.5,42.5,paint,532
-17.5,42.5,paint,613
-12.5,42.5,paint,682
-7.5,42.5,paint,898
-2.5,42.5,paint,1011
2.5,42.5,paint,1098
7.5,42.5,paint,882
12.5,42.5,paint,691
17.5,42.5,paint,672
22.5,42.5,paint,622
27.5,42.5,paint,705
32.5,42.5,paint,523
37.5,42.5,paint,461
42.5,42.5,paint,425
47.5,42.5,paint,350
52.5,42.5,paint,335
57.5,42.5,paint,254
62.5,42.5,paint,215
67.5,42.5,paint,200
72.5,42.5,paint,165
77.5,42.5,paint,124
82.5,42.5,mid_right,65
82.5,42.5,paint,17
87.5,42.5,mid_right,104
92.5,42.5,mid_right,107
97.5,42.5,mid_right,86
102.5,42.5,mid_right,80
107.5,42.5,mid_right,63
112.5,42.5,mid_right,64
117.5,42.5,mid_right,60
122.5,42.5,mid_right,43
127.5,42.5,mid_right,45
132.5,42.5,mid_right,37
137.5,42.5,mid_right,42
142.5,42.5,mid_right,49
147.5,42.5,mid_right,29
152.5,42.5,mid_right,44
157.5,42.5,mid_right,29
162.5,42.5,mid_right,19
167.5,42.5,mid_right,21
172.5,42.5,mid_right,14
177.5,42.5,mid_right,12
182.5,42.5,mid_right,15
187.5,42.5,mid_right,15
192.5,42.5,mid_right,16
197.5,42.5,mid_right,10
202.5,42.5,mid_right,10
207.5,42.5,mid_right,7
212.5,42.5,mid_right,6
217.5,42.5,mid_right,7
222.5,42.5,corner3_right,261
227.5,42.5,corner3_right,663
232.5,42.5,corner3_right,760
237.5,42.5,corner3_right,361
242.5,42.5,corner3_right,85
247.5,42.5,corner3_right,23
252.5,42.5,corner3_right,5
-247.5,47.5,corner3_left,5
-242.5,47.5,corner3_left,36
-237.5,47.5,corner3_left,171
-232.5,47.5,corner3_left,530
-227.5,47.5,corner3_left,504
-222.5,47.5,corner3_left,200
-217.5,47.5,mid_left,2
-212.5,47.5,mid_left,3
-207.5,47.5,mid_left,10
-202.5,47.5,mid_left,5
-197.5,47.5,mid_left,17
-192.5,47.5,mid_left,11
-187.5,47.5,mid_left,8
-182.5,47.5,mid_left,13
-177.5,47.5,mid_left,14
-172.5,47.5,mid_left,15
-167.5,47.5,mid_left,13
-162.5,47.5,mid_left,23
-157.5,47.5,mid_left,19
-152.5,47.5,mid_left,31
-147.5,47.5,mid_left,43
-142.5,47.5,mid_left,48
-137.5,47.5,mid_left,39
-132.5,47.5,mid_left,57
-127.5,47.5,mid_left,46
-122.5,47.5,mid_left,72
-117.5,47.5,mid_left,54
-112.5,47.5,mid_left,56
-107.5,47.5,mid_left,67
-102.5,47.5,mid_left,64
-97.5,47.5,mid_left,96
-92.5,47.5,mid_left,94
-87.5,47.5,mid_left,100
-82.5,47.5,mid_left,71
-77.5,47.5,paint,107
-72.5,47.5,paint,98
-67.5,47.5,paint,149
-62.5,47.5,paint,160
-57.5,47.5,paint,180
-52.5,47.5,paint,220
-47.5,47.5,paint,267
-42.5,47.5,paint,294
-37.5,47.5,paint,423
-32.5,47.5,paint,366
-27.5,47.5,paint,446
-22.5,47.5,paint,460
-17.5,47.5,paint,459
-12.5,47.5,paint,534
-7.5,47.5,paint,718
-2.5,47.5,paint,914
2.5,47.5,paint,938
7.5,47.5,paint,777
12.5,47.5,paint,554
17.5,47.5,paint,523
22.5,47.5,paint,518
27.5,47.5,paint,660
32.5,47.5,paint,432
37.5,47.5,paint,413
42.5,47.5,paint,367
47.5,47.5,paint,315
52.5,47.5,paint,265
57.5,47.5,paint,232
62.5,47.5,paint,197
67.5,47.5,paint,187
72.5,47.5,paint,154
77.5,47.5,paint,123
82.5,47.5,mid_right,77
82.5,47.5,paint,20
87.5,47.5,mid_right,112
92.5,47.5,mid_right,110
97.5,47.5,mid_right,90
102.5,47.5,mid_right,67
107.5,47.5,mid_right,61
112.5,47.5,mid_right,67
117.5,47.5,mid_right,60
122.5,47.5,mid_right,43
127.5,47.5,mid_right,44
132.5,47.5,mid_right,53
137.5,47.5,mid_right,38
142.5,47.5,mid_right,56
147.5,47.5,mid_right,27
152.5,47.5,mid_right,47
157.5,47.5,mid_right,24
162.5,47.5,mid_right,21
167.5,47.5,mid_right,18
172.5,47.5,mid_right,19
177.5,47.5,mid_right,10
182.5,47.5,mid_right,6
187.5,47.5,mid_right,9
192.5,47.5,mid_right,13
197.5,47.5,mid_right,15
202.5,47.5,mid_right,9
207.5,47.5,mid_right,6
212.5,47.5,mid_right,11
217.5,47.5,mid_right,7
222.5,47.5,corner3_right,207
227.5,47.5,corner3_right,612
232.5,47.5,corner3_right,701
237.5,47.5,corner3_right,298
242.5,47.5,corner3_right,90
247.5,47.5,corner3_right,13
252.5,47.5,corner3_right,1
-247.5,52.5,corner3_left,5
-242.5,52.5,corner3_left,42
-237.5,52.5,corner3_left,204
-232.5,52.5,corner3_left,472
-227.5,52.5,corner3_left,496
-222.5,52.5,corner3_left,228
-217.5,52.5,mid_left,5
-212.5,52.5,mid_left,5
-207.5,52.5,mid_left,6
-202.5,52.5,mid_left,12
-197.5,52.5,mid_left,11
-192.5,52.5,mid_left,6
-187.5,52.5,mid_left,14
-182.5,52.5,mid_left,20
-177.5,52.5,mid_left,5
-172.5,52.5,mid_left,11
-167.5,52.5,mid_left,24
-162.5,52.5,mid_left,40
-157.5,52.5,mid_left,23
-152.5,52.5,mid_left,34
-147.5,52.5,mid_left,41
-142.5,52.5,mid_left,32
-137.5,52.5,mid_left,49
-132.5,52.5,mid_left,38
-127.5,52.5,mid_left,53
-122.5,52.5,mid_left,56
-117.5,52.5,mid_left,53
-112.5,52.5,mid_left,58
-107.5,52.5,mid_left,65
-102.5,52.5,mid_left,63
-97.5,52.5,mid_left,82
-92.5,52.5,mid_left,103
-87.5,52.5,mid_left,91
-82.5,52.5,mid_left,74
-77.5,52.5,paint,90
-72.5,52.5,paint,135
-67.5,52.5,paint,145
-62.5,52.5,paint,184
-57.5,52.5,paint,178
-52.5,52.5,paint,203
-47.5,52.5,paint,245
-42.5,52.5,paint,307
-37.5,52.5,paint,410
-32.5,52.5,paint,398
-27.5,52.5,paint,391
-22.5,52.5,paint,430
-17.5,52.5,paint,512
-12.5,52.5,paint,526
-7.5,52.5,paint,683
-2.5,52.5,paint,995
2.5,52.5,paint,978
7.5,52.5,paint,804
12.5,52.5,paint,603
17.5,52.5,paint,521
22.5,52.5,paint,524
27.5,52.5,paint,582
32.5,52.5,paint,410
37.5,52.5,paint,389
42.5,52.5,paint,354
47.5,52.5,paint,276
52.5,52.5,paint,290
57.5,52.5,paint,220
62.5,52.5,paint,208
67.5,52.5,paint,170
72.5,52.5,paint,145
77.5,52.5,paint,117
82.5,52.5,mid_right,72
82.5,52.5,paint,40
87.5,52.5,mid_right,126
92.5,52.5,mid_right,90
97.5,52.5,mid_right,103
102.5,52.5,mid_right,75
107.5,52.5,mid_right,61
112.5,52.5,mid_right,59
117.5,52.5,mid_right,44
122.5,52.5,mid_right,51
127.5,52.5,mid_right,43
132.5,52.5,mid_right,34
137.5,52.5,mid_right,44
142.5,52.5,mid_right,43
147.5,52.5,mid_right,36
152.5,52.5,mid_right,41
157.5,52.5,mid_right,31
162.5,52.5,mid_right,28
167.5,52.5,mid_right,20
172.5,52.5,mid_right,15
177.5,52.5,mid_right,13
182.5,52.5,mid_right,16
187.5,52.5,mid_right,17
192.5,52.5,mid_right,7
197.5,52.5,mid_right,9
202.5,52.5,mid_right,14
207.5,52.5,mid_right,6
212.5,52.5,mid_right,4
217.5,52.5,mid_right,8
222.5,52.5,corner3_right,220
227.5,52.5,corner3_right,684
232.5,52.5,corner3_right,690
237.5,52.5,corner3_right,356
242.5,52.5,corner3_right,73
247.5,52.5,corner3_right,17
-247.5,57.5,corner3_left,6
-242.5,57.5,corner3_left,35
-237.5,57.5,corner3_left,203
-232.5,57.5,corner3_left,509
-227.5,57.5,corner3_left,508
-222.5,57.5,corner3_left,235
-217.5,57.5,mid_left,4
-212.5,57.5,mid_left,7
-207.5,57.5,mid_left,7
-202.5,57.5,mid_left,13
-197.5,57.5,mid_left,11
-192.5,57.5,mid_left,11
-187.5,57.5,mid_left,14
-182.5,57.5,mid_left,10
-177.5,57.5,mid_left,19
-172.5,57.5,mid_left,16
-167.5,57.5,mid_left,20
-162.5,57.5,mid_left,40
-157.5,57.5,mid_left,33
-152.5,57.5,mid_left,33
-147.5,57.5,mid_left,30
-142.5,57.5,mid_left,35
-137.5,57.5,mid_left,54
-132.5,57.5,mid_left,52
-127.5,57.5,mid_left,51
-122.5,57.5,mid_left,51
-117.5,57.5,mid_left,63
-112.5,57.5,mid_left,76
-107.5,57.5,mid_left,83
-102.5,57.5,mid_left,75
-97.5,57.5,mid_left,130
-92.5,57.5,mid_left,109
-87.5,57.5,mid_left,84
-82.5,57.5,mid_left,98
-77.5,57.5,paint,85
-72.5,57.5,paint,132
-67.5,57.5,paint,172
-62.5,57.5,paint,168
-57.5,57.5,paint,199
-52.5,57.5,paint,229
-47.5,57.5,paint,259
-42.5,57.5,paint,303
-37.5,57.5,paint,387
-32.5,57.5,paint,352
-27.5,57.5,paint,448
-22.5,57.5,paint,474
-17.5,57.5,paint,494
-12.5,57.5,paint,542
-7.5,57.5,paint,756
-2.5,57.5,paint,989
2.5,57.5,paint,1090
7.5,57.5,paint,851
12.5,57.5,paint,660
17.5,57.5,paint,563
22.5,57.5,paint,511
27.5,57.5,paint,656
32.5,57.5,paint,375
37.5,57.5,paint,372
42.5,57.5,paint,393
47.5,57.5,paint,312
52.5,57.5,paint,294
57.5,57.5,paint,246
62.5,57.5,paint,213
67.5,57.5,paint,208
72.5,57.5,paint,205
77.5,57.5,paint,135
82.5,57.5,mid_right,81
82.5,57.5,paint,28
87.5,57.5,mid_right,115
92.5,57.5,mid_right,124
97.5,57.5,mid_right,97
102.5,57.5,mid_right,82
107.5,57.5,mid_right,73
112.5,57.5,mid_right,71
117.5,57.5,mid_right,59
122.5,57.5,mid_right,57
127.5,57.5,mid_right,51
132.5,57.5,mid_right,41
137.5,57.5,mid_right,48
142.5,57.5,mid_right,55
147.5,57.5,mid_right,38
152.5,57.5,mid_right,51
157.5,57.5,mid_right,41
162.5,57.5,mid_right,21
167.5,57.5,mid_right,18
172.5,57.5,mid_right,24
177.5,57.5,mid_right,13
182.5,57.5,mid_right,8
187.5,57.5,mid_right,15
192.5,57.5,mid_right,9
197.5,57.5,mid_right,6
202.5,57.5,mid_right,7
207.5,57.5,mid_right,10
212.5,57.5,mid_right,5
217.5,57.5,mid_right,5
222.5,57.5,corner3_right,189
227.5,57.5,corner3_right,650
232.5,57.5,corner3_right,750
237.5,57.5,corner3_right,351
242.5,57.5,corner3_right,97
247.5,57.5,corner3_right,13
252.5,57.5,corner3_right,3
-247.5,62.5,corner3_left,6
-242.5,62.5,corner3_left,34
-237.5,62.5,corner3_left,159
-232.5,62.5,corner3_left,388
-227.5,62.5,corner3_left,386
-222.5,62.5,corner3_left,168
-217.5,62.5,mid_left,4
-212.5,62.5,mid_left,5
-207.5,62.5,mid_left,11
-202.5,62.5,mid_left,14
-197.5,62.5,mid_left,10
-192.5,62.5,mid_left,6
-187.5,62.5,mid_left,10
-182.5,62.5,mid_left,11
-177.5,62.5,mid_left,8
-172.5,62.5,mid_left,12
-167.5,62.5,mid_left,24
-162.5,62.5,mid_left,33
-157.5,62.5,mid_left,21
-152.5,62.5,mid_left,34
-147.5,62.5,mid_left,33
-142.5,62.5,mid_left,42
-137.5,62.5,mid_left,40
-132.5,62.5,mid_left,52
-127.5,62.5,mid_left,45
-122.5,62.5,mid_left,54
-117.5,62.5,mid_left,69
-112.5,62.5,mid_left,62
-107.5,62.5,mid_left,55
-102.5,62.5,mid_left,63
-97.5,62.5,mid_left,96
-92.5,62.5,mid_left,93
-87.5,62.5,mid_left,55
-82.5,62.5,mid_left,67
-77.5,62.5,paint,97
-72.5,62.5,paint,120
-67.5,62.5,paint,144
-62.5,62.5,paint,149
-57.5,62.5,paint,148
-52.5,62.5,paint,192
-47.5,62.5,paint,243
-42.5,62.5,paint,267
-37.5,62.5,paint,361
-32.5,62.5,paint,310
-27.5,62.5,paint,334
-22.5,62.5,paint,422
-17.5,62.5,paint,424
-12.5,62.5,paint,442
-7.5,62.5,paint,658
-2.5,62.5,paint,945
2.5,62.5,paint,891
7.5,62.5,paint,680
12.5,62.5,paint,548
17.5,62.5,paint,462
22.5,62.5,paint,398
27.5,62.5,paint,441
32.5,62.5,paint,310
37.5,62.5,paint,285
42.5,62.5,paint,294
47.5,62.5,paint,223
52.5,62.5,paint,205
57.5,62.5,paint,181
62.5,62.5,paint,160
67.5,62.5,paint,160
72.5,62.5,paint,127
77.5,62.5,paint,109
82.5,62.5,mid_right,58
82.5,62.5,paint,17
87.5,62.5,mid_right,109
92.5,62.5,mid_right,82
97.5,62.5,mid_right,78
102.5,62.5,mid_right,64
107.5,62.5,mid_right,54
112.5,62.5,mid_right,70
117.5,62.5,mid_right,53
122.5,62.5,mid_right,39
127.5,62.5,mid_right,38
132.5,62.5,mid_right,54
137.5,62.5,mid_right,34
142.5,62.5,mid_right,37
147.5,62.5,mid_right,39
152.5,62.5,mid_right,35
157.5,62.5,mid_right,22
162.5,62.5,mid_right,28
167.5,62.5,mid_right,17
172.5,62.5,mid_right,12
177.5,62.5,mid_right,12
182.5,62.5,mid_right,14
187.5,62.5,mid_right,11
192.5,62.5,mid_right,15
197.5,62.5,mid_right,15
202.5,62.5,mid_right,7
207.5,62.5,mid_right,6
212.5,62.5,mid_right,4
217.5,62.5,mid_right,6
222.5,62.5,corner3_right,219
227.5,62.5,corner3_right,553
232.5,62.5,corner3_right,577
237.5,62.5,corner3_right,263
242.5,62.5,corner3_right,65
247.5,62.5,corner3_right,17
-247.5,67.5,corner3_left,4
-242.5,67.5,corner3_left,27
-237.5,67.5,corner3_left,152
-232.5,67.5,corner3_left,372
-227.5,67.5,corner3_left,321
-222.5,67.5,corner3_left,149
-217.5,67.5,mid_left,4
-212.5,67.5,mid_left,2
-207.5,67.5,mid_left,10
-202.5,67.5,mid_left,9
-197.5,67.5,mid_left,14
-192.5,67.5,mid_left,8
-187.5,67.5,mid_left,13
-182.5,67.5,mid_left,8
-177.5,67.5,mid_left,8
-172.5,67.5,mid_left,16
-167.5,67.5,mid_left,14
-162.5,67.5,mid_left,23
-157.5,67.5,mid_left,26
-152.5,67.5,mid_left,21
-147.5,67.5,mid_left,30
-142.5,67.5,mid_left,34
-137.5,67.5,mid_left,39
-132.5,67.5,mid_left,35
-127.5,67.5,mid_left,38
-122.5,67.5,mid_left,32
-117.5,67.5,mid_left,61
-112.5,67.5,mid_left,57
-107.5,67.5,mid_left,58
-102.5,67.5,mid_left,63
-97.5,67.5,mid_left,79
-92.5,67.5,mid_left,92
-87.5,67.5,mid_left,73
-82.5,67.5,mid_left,80
-77.5,67.5,paint,95
-72.5,67.5,paint,122
-67.5,67.5,paint,143
-62.5,67.5,paint,132
-57.5,67.5,paint,131
-52.5,67.5,paint,176
-47.5,67.5,paint,235
-42.5,67.5,paint,276
-37.5,67.5,paint,307
-32.5,67.5,paint,278
-27.5,67.5,paint,319
-22.5,67.5,paint,326
-17.5,67.5,paint,403
-12.5,67.5,paint,413
-7.5,67.5,paint,585
-2.5,67.5,paint,795
2.5,67.5,paint,807
7.5,67.5,paint,631
12.5,67.5,paint,454
17.5,67.5,paint,421
22.5,67.5,paint,380
27.5,67.5,paint,403
32.5,67.5,paint,285
37.5,67.5,paint,272
42.5,67.5,paint,251
47.5,67.5,paint,221
52.5,67.5,paint,211
57.5,67.5,paint,179
62.5,67.5,paint,167
67.5,67.5,paint,161
72.5,67.5,paint,114
77.5,67.5,paint,83
82.5,67.5,mid_right,55
82.5,67.5,paint,14
87.5,67.5,mid_right,81
92.5,67.5,mid_right,97
97.5,67.5,mid_right,78
102.5,67.5,mid_right,68
107.5,67.5,mid_right,54
112.5,67.5,mid_right,66
117.5,67.5,mid_right,37
122.5,67.5,mid_right,42
127.5,67.5,mid_right,34
132.5,67.5,mid_right,40
137.5,67.5,mid_right,38
142.5,67.5,mid_right,34
147.5,67.5,mid_right,38
152.5,67.5,mid_right,21
157.5,67.5,mid_right,20
162.5,67.5,mid_right,16
167.5,67.5,mid_right,18
172.5,67.5,mid_right,19
177.5,67.5,mid_right,12
182.5,67.5,mid_right,11
187.5,67.5,mid_right,10
192.5,67.5,mid_right,10
197.5,67.5,mid_right,7
202.5,67.5,mid_right,7
207.5,67.5,mid_right,9
212.5,67.5,mid_right,6
217.5,67.5,mid_right,8
222.5,67.5,corner3_right,199
227.5,67.5,corner3_right,484
232.5,67.5,corner3_right,517
237.5,67.5,corner3_right,234
242.5,67.5,corner3_right,53
247.5,67.5,corner3_right,11
-247.5,72.5,corner3_left,2
-242.5,72.5,corner3_left,25
-237.5,72.5,corner3_left,110
-232.5,72.5,corner3_left,286
-227.5,72.5,corner3_left,380
-222.5,72.5,corner3_left,157
-217.5,72.5,mid_left,8
-212.5,72.5,mid_left,2
-207.5,72.5,mid_left,10
-202.5,72.5,mid_left,5
-197.5,72.5,mid_left,15
-192.5,72.5,mid_left,11
-187.5,72.5,mid_left,9
-182.5,72.5,mid_left,13
-177.5,72.5,mid_left,9
-172.5,72.5,mid_left,22
-167.5,72.5,mid_left,13
-162.5,72.5,mid_left,21
-157.5,72.5,mid_left,24
-152.5,72.5,mid_left,28
-147.5,72.5,mid_left,31
-142.5,72.5,mid_left,43
-137.5,72.5,mid_left,53
-132.5,72.5,mid_left,40
-127.5,72.5,mid_left,52
-122.5,72.5,mid_left,48
-117.5,72.5,mid_left,39
-112.5,72.5,mid_left,57
-107.5,72.5,mid_left,63
-102.5,72.5,mid_left,70
-97.5,72.5,mid_left,100
-92.5,72.5,mid_left,84
-87.5,72.5,mid_left,70
-82.5,72.5,mid_left,66
-77.5,72.5,paint,71
-72.5,72.5,paint,121
-67.5,72.5,paint,131
-62.5,72.5,paint,139
-57.5,72.5,paint,137
-52.5,72.5,paint,164
-47.5,72.5,paint,203
-42.5,72.5,paint,226
-37.5,72.5,paint,280
-32.5,72.5,paint,254
-27.5,72.5,paint,253
-22.5,72.5,paint,295
-17.5,72.5,paint,314
-12.5,72.5,paint,371
-7.5,72.5,paint,507
-2.5,72.5,paint,659
2.5,72.5,paint,727
7.5,72.5,paint,601
12.5,72.5,paint,468
17.5,72.5,paint,338
22.5,72.5,paint,346
27.5,72.5,paint,390
32.5,72.5,paint,271
37.5,72.5,paint,232
42.5,72.5,paint,243
47.5,72.5,paint,218
52.5,72.5,paint,199
57.5,72.5,paint,167
62.5,72.5,paint,129
67.5,72.5,paint,145
72.5,72.5,paint,136
77.5,72.5,paint,104
82.5,72.5,mid_right,59
82.5,72.5,paint,20
87.5,72.5,mid_right,89
92.5,72.5,mid_right,88
97.5,72.5,mid_right,69
102.5,72.5,mid_right,64
107.5,72.5,mid_right,59
112.5,72.5,mid_right,59
117.5,72.5,mid_right,63
122.5,72.5,mid_right,48
127.5,72.5,mid_right,40
132.5,72.5,mid_right,42
137.5,72.5,mid_right,36
142.5,72.5,mid_right,42
147.5,72.5,mid_right,27
152.5,72.5,mid_right,43
157.5,72.5,mid_right,22
162.5,72.5,mid_right,17
167.5,72.5,mid_right,15
172.5,72.5,mid_right,15
177.5,72.5,mid_right,14
182.5,72.5,mid_right,12
187.5,72.5,mid_right,7
192.5,72.5,mid_right,11
197.5,72.5,mid_right,8
202.5,72.5,mid_right,10
207.5,72.5,mid_right,11
212.5,72.5,mid_right,4
217.5,72.5,mid_right,7
222.5,72.5,corner3_right,153
227.5,72.5,corner3_right,451
232.5,72.5,corner3_right,477
237.5,72.5,corner3_right,243
242.5,72.5,corner3_right,53
247.5,72.5,corner3_right,4
-247.5,77.5,corner3_left,2
-242.5,77.5,corner3_left,18
-237.5,77.5,corner3_left,98
-232.5,77.5,corner3_left,291
-227.5,77.5,corner3_left,290
-222.5,77.5,corner3_left,158
-217.5,77.5,mid_left,2
-212.5,77.5,mid_left,9
-207.5,77.5,mid_left,11
-202.5,77.5,mid_left,10
-197.5,77.5,mid_left,8
-192.5,77.5,mid_left,7
-187.5,77.5,mid_left,10
-182.5,77.5,mid_left,7
-177.5,77.5,mid_left,10
-172.5,77.5,mid_left,10
-167.5,77.5,mid_left,14
-162.5,77.5,mid_left,21
-157.5,77.5,mid_left,20
-152.5,77.5,mid_left,23
-147.5,77.5,mid_left,27
-142.5,77.5,mid_left,26
-137.5,77.5,mid_left,39
-132.5,77.5,mid_left,51
-127.5,77.5,mid_left,50
-122.5,77.5,mid_left,40
-117.5,77.5,mid_left,61
-112.5,77.5,mid_left,43
-107.5,77.5,mid_left,51
-102.5,77.5,mid_left,61
-97.5,77.5,mid_left,92
-92.5,77.5,mid_left,84
-87.5,77.5,mid_left,83
-82.5,77.5,mid_center,7
-82.5,77.5,mid_left,63
-77.5,77.5,paint,67
-72.5,77.5,paint,96
-67.5,77.5,paint,122
-62.5,77.5,paint,126
-57.5,77.5,paint,146
-52.5,77.5,paint,175
-47.5,77.5,paint,204
-42.5,77.5,paint,191
-37.5,77.5,paint,273
-32.5,77.5,paint,249
-27.5,77.5,paint,254
-22.5,77.5,paint,304
-17.5,77.5,paint,304
-12.5,77.5,paint,346
-7.5,77.5,paint,464
-2.5,77.5,paint,633
2.5,77.5,paint,606
7.5,77.5,paint,546
12.5,77.5,paint,422
17.5,77.5,paint,292
22.5,77.5,paint,300
27.5,77.5,paint,344
32.5,77.5,paint,272
37.5,77.5,paint,237
42.5,77.5,paint,227
47.5,77.5,paint,219
52.5,77.5,paint,189
57.5,77.5,paint,162
62.5,77.5,paint,147
67.5,77.5,paint,145
72.5,77.5,paint,133
77.5,77.5,paint,100
82.5,77.5,mid_center,9
82.5,77.5,mid_right,43
82.5,77.5,paint,34
87.5,77.5,mid_right,86
92.5,77.5,mid_right,86
97.5,77.5,mid_right,68
102.5,77.5,mid_right,77
107.5,77.5,mid_right,69
112.5,77.5,mid_right,59
117.5,77.5,mid_right,54
122.5,77.5,mid_right,50
127.5,77.5,mid_right,33
132.5,77.5,mid_right,47
137.5,77.5,mid_right,37
142.5,77.5,mid_right,42
147.5,77.5,mid_right,42
152.5,77.5,mid_right,28
157.5,77.5,mid_right,20
162.5,77.5,mid_right,28
167.5,77.5,mid_right,24
172.5,77.5,mid_right,13
177.5,77.5,mid_right,11
182.5,77.5,mid_right,12
187.5,77.5,mid_right,10
192.5,77.5,mid_right,14
197.5,77.5,mid_right,7
202.5,77.5,mid_right,10
207.5,77.5,mid_right,12
212.5,77.5,mid_right,6
217.5,77.5,mid_right,5
222.5,77.5,corner3_right,136
227.5,77.5,corner3_right,422
232.5,77.5,corner3_right,402
237.5,77.5,corner3_right,187
242.5,77.5,corner3_right,47
247.5,77.5,corner3_right,10
-247.5,82.5,corner3_left,4
-242.5,82.5,corner3_left,17
-237.5,82.5,corner3_left,94
-232.5,82.5,corner3_left,257
-227.5,82.5,corner3_left,285
-222.5,82.5,corner3_left,152
-217.5,82.5,mid_left,6
-212.5,82.5,mid_left,8
-207.5,82.5,mid_left,16
-202.5,82.5,mid_left,12
-197.5,82.5,mid_left,12
-192.5,82.5,mid_left,12
-187.5,82.5,mid_left,11
-182.5,82.5,mid_left,9
-177.5,82.5,mid_left,12
-172.5,82.5,mid_left,8
-167.5,82.5,mid_left,19
-162.5,82.5,mid_left,34
-157.5,82.5,mid_left,21
-152.5,82.5,mid_left,24
-147.5,82.5,mid_left,24
-142.5,82.5,mid_left,37
-137.5,82.5,mid_left,35
-132.5,82.5,mid_left,39
-127.5,82.5,mid_left,44
-122.5,82.5,mid_left,57
-117.5,82.5,mid_left,59
-112.5,82.5,mid_left,54
-107.5,82.5,mid_left,52
-102.5,82.5,mid_left,53
-97.5,82.5,mid_left,77
-92.5,82.5,mid_left,86
-87.5,82.5,mid_center,2
-87.5,82.5,mid_left,60
-82.5,82.5,mid_center,54
-82.5,82.5,mid_left,11
-77.5,82.5,paint,79
-72.5,82.5,paint,101
-67.5,82.5,paint,127
-62.5,82.5,paint,123
-57.5,82.5,paint,125
-52.5,82.5,paint,141
-47.5,82.5,paint,170
-42.5,82.5,paint,230
-37.5,82.5,paint,268
-32.5,82.5,paint,226
-27.5,82.5,paint,244
-22.5,82.5,paint,223
-17.5,82.5,paint,286
-12.5,82.5,paint,282
-7.5,82.5,paint,432
-2.5,82.5,paint,533
2.5,82.5,paint,571
7.5,82.5,paint,447
12.5,82.5,paint,347
17.5,82.5,paint,277
22.5,82.5,paint,287
27.5,82.5,paint,327
32.5,82.5,paint,221
37.5,82.5,paint,240
42.5,82.5,paint,188
47.5,82.5,paint,188
52.5,82.5,paint,164
57.5,82.5,paint,154
62.5,82.5,paint,126
67.5,82.5,paint,131
72.5,82.5,paint,87
77.5,82.5,paint,98
82.5,82.5,mid_center,44
82.5,82.5,mid_right,2
82.5,82.5,paint,23
87.5,82.5,mid_center,9
87.5,82.5,mid_right,86
92.5,82.5,mid_right,58
97.5,82.5,mid_right,72
102.5,82.5,mid_right,79
107.5,82.5,mid_right,66
112.5,82.5,mid_right,45
117.5,82.5,mid_right,73
122.5,82.5,mid_right,30
127.5,82.5,mid_right,38
132.5,82.5,mid_right,33
137.5,82.5,mid_right,35
142.5,82.5,mid_right,32
147.5,82.5,mid_right,21
152.5,82.5,mid_right,30
157.5,82.5,mid_right,20
162.5,82.5,mid_right,32
167.5,82.5,mid_right,21
172.5,82.5,mid_right,19
177.5,82.5,mid_right,11
182.5,82.5,mid_right,11
187.5,82.5,mid_right,4
192.5,82.5,mid_right,11
197.5,82.5,mid_right,6
202.5,82.5,mid_right,17
207.5,82.5,mid_right,7
212.5,82.5,mid_right,4
217.5,82.5,mid_right,7
222.5,82.5,corner3_right,140
227.5,82.5,corner3_right,325
232.5,82.5,corner3_right,370
237.5,82.5,corner3_right,157
242.5,82.5,corner3_right,40
247.5,82.5,corner3_right,8
-247.5,87.5,arc3_left,1
-242.5,87.5,arc3_left,10
-242.5,87.5,corner3_left,7
-237.5,87.5,arc3_left,44
-237.5,87.5,corner3_left,46
-232.5,87.5,arc3_left,135
-232.5,87.5,corner3_left,131
-227.5,87.5,arc3_left,122
-227.5,87.5,corner3_left,132
-222.5,87.5,arc3_left,78
-222.5,87.5,corner3_left,62
-217.5,87.5,mid_left,9
-212.5,87.5,mid_left,4
-207.5,87.5,mid_left,7
-202.5,87.5,mid_left,14
-197.5,87.5,mid_left,14
-192.5,87.5,mid_left,10
-187.5,87.5,mid_left,15
-182.5,87.5,mid_left,16
-177.5,87.5,mid_left,9
-172.5,87.5,mid_left,13
-167.5,87.5,mid_left,10
-162.5,87.5,mid_left,28
-157.5,87.5,mid_left,27
-152.5,87.5,mid_left,29
-147.5,87.5,mid_left,33
-142.5,87.5,mid_left,37
-137.5,87.5,mid_left,56
-132.5,87.5,mid_left,50
-127.5,87.5,mid_left,56
-122.5,87.5,mid_left,49
-117.5,87.5,mid_left,62
-112.5,87.5,mid_left,63
-107.5,87.5,mid_left,59
-102.5,87.5,mid_left,52
-97.5,87.5,mid_left,86
-92.5,87.5,mid_center,7
-92.5,87.5,mid_left,83
-87.5,87.5,mid_center,65
-87.5,87.5,mid_left,8
-82.5,87.5,mid_center,59
-77.5,87.5,paint,76
-72.5,87.5,paint,94
-67.5,87.5,paint,129
-62.5,87.5,paint,133
-57.5,87.5,paint,131
-52.5,87.5,paint,157
-47.5,87.5,paint,183
-42.5,87.5,paint,199
-37.5,87.5,paint,259
-32.5,87.5,paint,195
-27.5,87.5,paint,221
-22.5,87.5,paint,216
-17.5,87.5,paint,222
-12.5,87.5,paint,288
-7.5,87.5,paint,400
-2.5,87.5,paint,467
2.5,87.5,paint,480
7.5,87.5,paint,420
12.5,87.5,paint,319
17.5,87.5,paint,259
22.5,87.5,paint,250
27.5,87.5,paint,287
32.5,87.5,paint,243
37.5,87.5,paint,226
42.5,87.5,paint,221
47.5,87.5,paint,222
52.5,87.5,paint,191
57.5,87.5,paint,170
62.5,87.5,paint,116
67.5,87.5,paint,128
72.5,87.5,paint,112
77.5,87.5,paint,79
82.5,87.5,mid_center,58
82.5,87.5,paint,18
87.5,87.5,mid_center,76
87.5,87.5,mid_right,11
92.5,87.5,mid_center,3
92.5,87.5,mid_right,71
97.5,87.5,mid_right,73
102.5,87.5,mid_right,60
107.5,87.5,mid_right,49
112.5,87.5,mid_right,62
117.5,87.5,mid_right,69
122.5,87.5,mid_right,59
127.5,87.5,mid_right,42
132.5,87.5,mid_right,39
137.5,87.5,mid_right,35
142.5,87.5,mid_right,38
147.5,87.5,mid_right,32
152.5,87.5,mid_right,23
157.5,87.5,mid_right,26
162.5,87.5,mid_right,19
167.5,87.5,mid_right,12
172.5,87.5,mid_right,9
177.5,87.5,mid_right,10
182.5,87.5,mid_right,13
187.5,87.5,mid_right,6
192.5,87.5,mid_right,8
197.5,87.5,mid_right,5
202.5,87.5,mid_right,10
207.5,87.5,mid_right,3
212.5,87.5,mid_right,4
217.5,87.5,mid_right,4
222.5,87.5,arc3_right,64
222.5,87.5,corner3_right,54
227.5,87.5,arc3_right,169
227.5,87.5,corner3_right,174
232.5,87.5,arc3_right,144
232.5,87.5,corner3_right,169
237.5,87.5,arc3_right,56
237.5,87.5,corner3_right,69
242.5,87.5,arc3_right,15
242.5,87.5,corner3_right,13
247.5,87.5,arc3_right,2
247.5,87.5,corner3_right,4
252.5,87.5,corner3_right,1
-247.5,92.5,arc3_left,2
-242.5,92.5,arc3_left,17
-237.5,92.5,arc3_left,88
-232.5,92.5,arc3_left,189
-227.5,92.5,arc3_left,220
-222.5,92.5,arc3_left,128
-217.5,92.5,arc3_left,4
-217.5,92.5,mid_left,4
-212.5,92.5,mid_left,5
-207.5,92.5,mid_left,17
-202.5,92.5,mid_left,15
-197.5,92.5,mid_left,15
-192.5,92.5,mid_left,15
-187.5,92.5,mid_left,5
-182.5,92.5,mid_left,9
-177.5,92.5,mid_left,9
-172.5,92.5,mid_left,11
-167.5,92.5,mid_left,16
-162.5,92.5,mid_left,27
-157.5,92.5,mid_left,27
-152.5,92.5,mid_left,28
-147.5,92.5,mid_left,22
-142.5,92.5,mid_left,41
-137.5,92.5,mid_left,38
-132.5,92.5,mid_left,36
-127.5,92.5,mid_left,43
-122.5,92.5,mid_left,55
-117.5,92.5,mid_left,57
-112.5,92.5,mid_left,50
-107.5,92.5,mid_left,72
-102.5,92.5,mid_left,65
-97.5,92.5,mid_center,11
-97.5,92.5,mid_left,76
-92.5,92.5,mid_center,68
-92.5,92.5,mid_left,13
-87.5,92.5,mid_center,78
-82.5,92.5,mid_center,67
-77.5,92.5,paint,59
-72.5,92.5,paint,99
-67.5,92.5,paint,125
-62.5,92.5,paint,127
-57.5,92.5,paint,119
-52.5,92.5,paint,147
-47.5,92.5,paint,180
-42.5,92.5,paint,196
-37.5,92.5,paint,264
-32.5,92.5,paint,173
-27.5,92.5,paint,223
-22.5,92.5,paint,209
-17.5,92.5,paint,210
-12.5,92.5,paint,238
-7.5,92.5,paint,343
-2.5,92.5,paint,453
2.5,92.5,paint,410
7.5,92.5,paint,344
12.5,92.5,paint,288
17.5,92.5,paint,246
22.5,92.5,paint,243
27.5,92.5,paint,269
32.5,92.5,paint,208
37.5,92.5,paint,188
42.5,92.5,paint,215
47.5,92.5,paint,180
52.5,92.5,paint,138
57.5,92.5,paint,124
62.5,92.5,paint,129
67.5,92.5,paint,121
72.5,92.5,paint,98
77.5,92.5,paint,100
82.5,92.5,mid_center,44
82.5,92.5,paint,23
87.5,92.5,mid_center,81
92.5,92.5,mid_center,60
92.5,92.5,mid_right,9
97.5,92.5,mid_center,10
97.5,92.5,mid_right,54
102.5,92.5,mid_right,68
107.5,92.5,mid_right,54
112.5,92.5,mid_right,56
117.5,92.5,mid_right,48
122.5,92.5,mid_right,52
127.5,92.5,mid_right,53
132.5,92.5,mid_right,41
137.5,92.5,mid_right,32
142.5,92.5,mid_right,32
147.5,92.5,mid_right,42
152.5,92.5,mid_right,38
157.5,92.5,mid_right,21
162.5,92.5,mid_right,13
167.5,92.5,mid_right,19
172.5,92.5,mid_right,13
177.5,92.5,mid_right,12
182.5,92.5,mid_right,11
187.5,92.5,mid_right,9
192.5,92.5,mid_right,9
197.5,92.5,mid_right,6
202.5,92.5,mid_right,4
207.5,92.5,mid_right,8
212.5,92.5,mid_right,5
217.5,92.5,arc3_right,5
217.5,92.5,mid_right,7
222.5,92.5,arc3_right,124
227.5,92.5,arc3_right,265
232.5,92.5,arc3_right,240
237.5,92.5,arc3_right,114
242.5,92.5,arc3_right,16
247.5,92.5,arc3_right,5
-247.5,97.5,arc3_left,1
-242.5,97.5,arc3_left,11
-237.5,97.5,arc3_left,47
-232.5,97.5,arc3_left,169
-227.5,97.5,arc3_left,225
-222.5,97.5,arc3_left,159
-217.5,97.5,arc3_left,26
-212.5,97.5,mid_left,4
-207.5,97.5,mid_left,3
-202.5,97.5,mid_left,15
-197.5,97.5,mid_left,12
-192.5,97.5,mid_left,14
-187.5,97.5,mid_left,7
-182.5,97.5,mid_left,7
-177.5,97.5,mid_left,10
-172.5,97.5,mid_left,21
-167.5,97.5,mid_left,20
-162.5,97.5,mid_left,24
-157.5,97.5,mid_left,20
-152.5,97.5,mid_left,27
-147.5,97.5,mid_left,25
-142.5,97.5,mid_left,37
-137.5,97.5,mid_left,28
-132.5,97.5,mid_left,44
-127.5,97.5,mid_left,40
-122.5,97.5,mid_left,39
-117.5,97.5,mid_left,48
-112.5,97.5,mid_left,48
-107.5,97.5,mid_left,48
-102.5,97.5,mid_center,1
-102.5,97.5,mid_left,58
-97.5,97.5,mid_center,79
-97.5,97.5,mid_left,19
-92.5,97.5,mid_center,59
-87.5,97.5,mid_center,61
-82.5,97.5,mid_center,75
-77.5,97.5,paint,63
-72.5,97.5,paint,94
-67.5,97.5,paint,95
-62.5,97.5,paint,120
-57.5,97.5,paint,131
-52.5,97.5,paint,118
-47.5,97.5,paint,180
-42.5,97.5,paint,191
-37.5,97.5,paint,232
-32.5,97.5,paint,172
-27.5,97.5,paint,210
-22.5,97.5,paint,209
-17.5,97.5,paint,209
-12.5,97.5,paint,209
-7.5,97.5,paint,269
-2.5,97.5,paint,358
2.5,97.5,paint,432
7.5,97.5,paint,346
12.5,97.5,paint,283
17.5,97.5,paint,226
22.5,97.5,paint,223
27.5,97.5,paint,287
32.5,97.5,paint,199
37.5,97.5,paint,208
42.5,97.5,paint,204
47.5,97.5,paint,221
52.5,97.5,paint,162
57.5,97.5,paint,183
62.5,97.5,paint,128
67.5,97.5,paint,114
72.5,97.5,paint,101
77.5,97.5,paint,74
82.5,97.5,mid_center,61
82.5,97.5,paint,23
87.5,97.5,mid_center,79
92.5,97.5,mid_center,87
97.5,97.5,mid_center,79
97.5,97.5,mid_right,7
102.5,97.5,mid_center,19
102.5,97.5,mid_right,64
107.5,97.5,mid_right,52
112.5,97.5,mid_right,55
117.5,97.5,mid_right,42
122.5,97.5,mid_right,58
127.5,97.5,mid_right,49
132.5,97.5,mid_right,39
137.5,97.5,mid_right,54
142.5,97.5,mid_right,46
147.5,97.5,mid_right,34
152.5,97.5,mid_right,48
157.5,97.5,mid_right,17
162.5,97.5,mid_right,17
167.5,97.5,mid_right,17
172.5,97.5,mid_right,16
177.5,97.5,mid_right,11
182.5,97.5,mid_right,14
187.5,97.5,mid_right,15
192.5,97.5,mid_right,4
197.5,97.5,mid_right,5
202.5,97.5,mid_right,7
207.5,97.5,mid_right,1
212.5,97.5,mid_right,6
217.5,97.5,arc3_right,29
217.5,97.5,mid_right,3
222.5,97.5,arc3_right,143
227.5,97.5,arc3_right,286
232.5,97.5,arc3_right,212
237.5,97.5,arc3_right,107
242.5,97.5,arc3_right,22
247.5,97.5,arc3_right,3
-247.5,102.5,arc3_left,2
-242.5,102.5,arc3_left,8
-237.5,102.5,arc3_left,36
-232.5,102.5,arc3_left,161
-227.5,102.5,arc3_left,284
-222.5,102.5,arc3_left,211
-217.5,102.5,arc3_left,59
-212.5,102.5,arc3_left,3
-212.5,102.5,mid_left,4
-207.5,102.5,mid_left,6
-202.5,102.5,mid_left,6
-197.5,102.5,mid_left,10
-192.5,102.5,mid_left,9
-187.5,102.5,mid_left,12
-182.5,102.5,mid_left,11
-177.5,102.5,mid_left,14
-172.5,102.5,mid_left,10
-167.5,102.5,mid_left,18
-162.5,102.5,mid_left,21
-157.5,102.5,mid_left,20
-152.5,102.5,mid_left,23
-147.5,102.5,mid_left,28
-142.5,102.5,mid_left,49
-137.5,102.5,mid_left,43
-132.5,102.5,mid_left,35
-127.5,102.5,mid_left,51
-122.5,102.5,mid_left,54
-117.5,102.5,mid_left,75
-112.5,102.5,mid_left,48
-107.5,102.5,mid_center,4
-107.5,102.5,mid_left,59
-102.5,102.5,mid_center,58
-102.5,102.5,mid_left,10
-97.5,102.5,mid_center,88
-92.5,102.5,mid_center,81
-87.5,102.5,mid_center,65
-82.5,102.5,mid_center,62
-77.5,102.5,paint,62
-72.5,102.5,paint,85
-67.5,102.5,paint,120
-62.5,102.5,paint,128
-57.5,102.5,paint,158
-52.5,102.5,paint,145
-47.5,102.5,paint,179
-42.5,102.5,paint,205
-37.5,102.5,paint,227
-32.5,102.5,paint,209
-27.5,102.5,paint,204
-22.5,102.5,paint,198
-17.5,102.5,paint,209
-12.5,102.5,paint,260
-7.5,102.5,paint,325
-2.5,102.5,paint,411
2.5,102.5,paint,394
7.5,102.5,paint,349
12.5,102.5,paint,275
17.5,102.5,paint,240
22.5,102.5,paint,234
27.5,102.5,paint,275
32.5,102.5,paint,234
37.5,102.5,paint,213
42.5,102.5,paint,217
47.5,102.5,paint,220
52.5,102.5,paint,198
57.5,102.5,paint,176
62.5,102.5,paint,133
67.5,102.5,paint,137
72.5,102.5,paint,107
77.5,102.5,paint,78
82.5,102.5,mid_center,55
82.5,102.5,paint,26
87.5,102.5,mid_center,88
92.5,102.5,mid_center,77
97.5,102.5,mid_center,82
102.5,102.5,mid_center,59
102.5,102.5,mid_right,2
107.5,102.5,mid_center,17
107.5,102.5,mid_right,49
112.5,102.5,mid_right,74
117.5,102.5,mid_right,79
122.5,102.5,mid_right,48
127.5,102.5,mid_right,64
132.5,102.5,mid_right,48
137.5,102.5,mid_right,47
142.5,102.5,mid_right,41
147.5,102.5,mid_right,32
152.5,102.5,mid_right,44
157.5,102.5,mid_right,16
162.5,102.5,mid_right,18
167.5,102.5,mid_right,16
172.5,102.5,mid_right,11
177.5,102.5,mid_right,8
182.5,102.5,mid_right,11
187.5,102.5,mid_right,9
192.5,102.5,mid_right,9
197.5,102.5,mid_right,7
202.5,102.5,mid_right,5
207.5,102.5,mid_right,4
212.5,102.5,mid_right,5
217.5,102.5,arc3_right,53
222.5,102.5,arc3_right,191
227.5,102.5,arc3_right,313
232.5,102.5,arc3_right,228
237.5,102.5,arc3_right,86
242.5,102.5,arc3_right,11
247.5,102.5,arc3_right,3
-242.5,107.5,arc3_left,6
-237.5,107.5,arc3_left,43
-232.5,107.5,arc3_left,169
-227.5,107.5,arc3_left,277
-222.5,107.5,arc3_left,294
-217.5,107.5,arc3_left,93
-212.5,107.5,arc3_left,20
-212.5,107.5,mid_left,1
-207.5,107.5,mid_left,3
-202.5,107.5,mid_left,3
-197.5,107.5,mid_left,9
-192.5,107.5,mid_left,16
-187.5,107.5,mid_left,13
-182.5,107.5,mid_left,17
-177.5,107.5,mid_left,7
-172.5,107.5,mid_left,11
-167.5,107.5,mid_left,16
-162.5,107.5,mid_left,21
-157.5,107.5,mid_left,22
-152.5,107.5,mid_left,18
-147.5,107.5,mid_left,34
-142.5,107.5,mid_left,31
-137.5,107.5,mid_left,46
-132.5,107.5,mid_left,43
-127.5,107.5,mid_left,30
-122.5,107.5,mid_left,57
-117.5,107.5,mid_left,62
-112.5,107.5,mid_center,7
-112.5,107.5,mid_left,66
-107.5,107.5,mid_center,44
-107.5,107.5,mid_left,7
-102.5,107.5,mid_center,71
-97.5,107.5,mid_center,97
-92.5,107.5,mid_center,85
-87.5,107.5,mid_center,63
-82.5,107.5,mid_center,81
-77.5,107.5,paint,78
-72.5,107.5,paint,90
-67.5,107.5,paint,117
-62.5,107.5,paint,135
-57.5,107.5,paint,125
-52.5,107.5,paint,178
-47.5,107.5,paint,185
-42.5,107.5,paint,189
-37.5,107.5,paint,232
-32.5,107.5,paint,169
-27.5,107.5,paint,189
-22.5,107.5,paint,188
-17.5,107.5,paint,193
-12.5,107.5,paint,207
-7.5,107.5,paint,308
-2.5,107.5,paint,384
2.5,107.5,paint,404
7.5,107.5,paint,300
12.5,107.5,paint,219
17.5,107.5,paint,233
22.5,107.5,paint,210
27.5,107.5,paint,252
32.5,107.5,paint,208
37.5,107.5,paint,208
42.5,107.5,paint,220
47.5,107.5,paint,208
52.5,107.5,paint,177
57.5,107.5,paint,156
62.5,107.5,paint,148
67.5,107.5,paint,115
72.5,107.5,paint,102
77.5,107.5,paint,75
82.5,107.5,mid_center,50
82.5,107.5,paint,21
87.5,107.5,mid_center,96
92.5,107.5,mid_center,81
97.5,107.5,mid_center,82
102.5,107.5,mid_center,78
107.5,107.5,mid_center,63
107.5,107.5,mid_right,4
112.5,107.5,mid_center,18
112.5,107.5,mid_right,67
117.5,107.5,mid_right,54
122.5,107.5,mid_right,68
127.5,107.5,mid_right,48
132.5,107.5,mid_right,45
137.5,107.5,mid_right,48
142.5,107.5,mid_right,32
147.5,107.5,mid_right,41
152.5,107.5,mid_right,33
157.5,107.5,mid_right,22
162.5,107.5,mid_right,16
167.5,107.5,mid_right,18
172.5,107.5,mid_right,13
177.5,107.5,mid_right,8
182.5,107.5,mid_right,14
187.5,107.5,mid_right,9
192.5,107.5,mid_right,9
197.5,107.5,mid_right,5
202.5,107.5,mid_right,4
207.5,107.5,mid_right,6
212.5,107.5,arc3_right,23
212.5,107.5,mid_right,1
217.5,107.5,arc3_right,107
222.5,107.5,arc3_right,258
227.5,107.5,arc3_right,292
232.5,107.5,arc3_right,161
237.5,107.5,arc3_right,68
242.5,107.5,arc3_right,16
247.5,107.5,arc3_right,3
252.5,107.5,arc3_right,1
-247.5,112.5,arc3_left,2
-242.5,112.5,arc3_left,8
-237.5,112.5,arc3_left,39
-232.5,112.5,arc3_left,145
-227.5,112.5,arc3_left,290
-222.5,112.5,arc3_left,338
-217.5,112.5,arc3_left,159
-212.5,112.5,arc3_left,68
-207.5,112.5,arc3_left,6
-207.5,112.5,mid_left,5
-202.5,112.5,mid_left,3
-197.5,112.5,mid_left,7
-192.5,112.5,mid_left,15
-187.5,112.5,mid_left,11
-182.5,112.5,mid_left,9
-177.5,112.5,mid_left,9
-172.5,112.5,mid_left,12
-167.5,112.5,mid_left,18
-162.5,112.5,mid_left,21
-157.5,112.5,mid_left,18
-152.5,112.5,mid_left,28
-147.5,112.5,mid_left,40
-142.5,112.5,mid_left,29
-137.5,112.5,mid_left,50
-132.5,112.5,mid_left,42
-127.5,112.5,mid_left,44
-122.5,112.5,mid_left,57
-117.5,112.5,mid_center,4
-117.5,112.5,mid_left,52
-112.5,112.5,mid_center,55
-112.5,112.5,mid_left,16
-107.5,112.5,mid_center,72
-102.5,112.5,mid_center,53
-97.5,112.5,mid_center,100
-92.5,112.5,mid_center,77
-87.5,112.5,mid_center,53
-82.5,112.5,mid_center,68
-77.5,112.5,paint,57
-72.5,112.5,paint,92
-67.5,112.5,paint,117
-62.5,112.5,paint,134
-57.5,112.5,paint,154
-52.5,112.5,paint,177
-47.5,112.5,paint,208
-42.5,112.5,paint,228
-37.5,112.5,paint,209
-32.5,112.5,paint,178
-27.5,112.5,paint,173
-22.5,112.5,paint,157
-17.5,112.5,paint,196
-12.5,112.5,paint,229
-7.5,112.5,paint,237
-2.5,112.5,paint,334
2.5,112.5,paint,389
7.5,112.5,paint,259
12.5,112.5,paint,241
17.5,112.5,paint,210
22.5,112.5,paint,180
27.5,112.5,paint,245
32.5,112.5,paint,167
37.5,112.5,paint,183
42.5,112.5,paint,187
47.5,112.5,paint,209
52.5,112.5,paint,187
57.5,112.5,paint,171
62.5,112.5,paint,140
67.5,112.5,paint,139
72.5,112.5,paint,106
77.5,112.5,paint,75
82.5,112.5,mid_center,63
82.5,112.5,paint,9
87.5,112.5,mid_center,91
92.5,112.5,mid_center,85
97.5,112.5,mid_center,92
102.5,112.5,mid_center,61
107.5,112.5,mid_center,56
112.5,112.5,mid_center,56
112.5,112.5,mid_right,3
117.5,112.5,mid_center,8
117.5,112.5,mid_right,44
122.5,112.5,mid_right,62
127.5,112.5,mid_right,65
132.5,112.5,mid_right,45
137.5,112.5,mid_right,47
142.5,112.5,mid_right,51
147.5,112.5,mid_right,29
152.5,112.5,mid_right,30
157.5,112.5,mid_right,29
162.5,112.5,mid_right,24
167.5,112.5,mid_right,14
172.5,112.5,mid_right,10
177.5,112.5,mid_right,11
182.5,112.5,mid_right,5
187.5,112.5,mid_right,19
192.5,112.5,mid_right,7
197.5,112.5,mid_right,7
202.5,112.5,mid_right,5
207.5,112.5,mid_right,2
212.5,112.5,arc3_right,57
217.5,112.5,arc3_right,187
222.5,112.5,arc3_right,305
227.5,112.5,arc3_right,283
232.5,112.5,arc3_right,155
237.5,112.5,arc3_right,53
242.5,112.5,arc3_right,18
247.5,112.5,arc3_right,2
-247.5,117.5,arc3_left,2
-242.5,117.5,arc3_left,2
-237.5,117.5,arc3_left,24
-232.5,117.5,arc3_left,91
-227.5,117.5,arc3_left,249
-222.5,117.5,arc3_left,379
-217.5,117.5,arc3_left,236
-212.5,117.5,arc3_left,111
-207.5,117.5,arc3_left,28
-207.5,117.5,mid_left,5
-202.5,117.5,mid_left,8
-197.5,117.5,mid_left,6
-192.5,117.5,mid_left,10
-187.5,117.5,mid_left,8
-182.5,117.5,mid_left,17
-177.5,117.5,mid_left,16
-172.5,117.5,mid_left,15
-167.5,117.5,mid_left,14
-162.5,117.5,mid_left,29
-157.5,117.5,mid_left,27
-152.5,117.5,mid_left,24
-147.5,117.5,mid_left,28
-142.5,117.5,mid_left,42
-137.5,117.5,mid_left,44
-132.5,117.5,mid_left,51
-127.5,117.5,mid_left,37
-122.5,117.5,mid_center,1
-122.5,117.5,mid_left,65
-117.5,117.5,mid_center,48
-117.5,117.5,mid_left,14
-112.5,117.5,mid_center,52
-107.5,117.5,mid_center,64
-102.5,117.5,mid_center,58
-97.5,117.5,mid_center,83
-92.5,117.5,mid_center,74
-87.5,117.5,mid_center,73
-82.5,117.5,mid_center,48
-77.5,117.5,paint,62
-72.5,117.5,paint,78
-67.5,117.5,paint,106
-62.5,117.5,paint,146
-57.5,117.5,paint,115
-52.5,117.5,paint,166
-47.5,117.5,paint,187
-42.5,117.5,paint,179
-37.5,117.5,paint,193
-32.5,117.5,paint,168
-27.5,117.5,paint,148
-22.5,117.5,paint,164
-17.5,117.5,paint,184
-12.5,117.5,paint,210
-7.5,117.5,paint,268
-2.5,117.5,paint,318
2.5,117.5,paint,327
7.5,117.5,paint,283
12.5,117.5,paint,249
17.5,117.5,paint,169
22.5,117.5,paint,166
27.5,117.5,paint,207
32.5,117.5,paint,168
37.5,117.5,paint,162
42.5,117.5,paint,187
47.5,117.5,paint,188
52.5,117.5,paint,171
57.5,117.5,paint,149
62.5,117.5,paint,160
67.5,117.5,paint,133
72.5,117.5,paint,95
77.5,117.5,paint,74
82.5,117.5,mid_center,49
82.5,117.5,paint,17
87.5,117.5,mid_center,92
92.5,117.5,mid_center,69
97.5,117.5,mid_center,80
102.5,117.5,mid_center,74
107.5,117.5,mid_center,70
112.5,117.5,mid_center,69
117.5,117.5,mid_center,75
117.5,117.5,mid_right,4
122.5,117.5,mid_center,15
122.5,117.5,mid_right,49
127.5,117.5,mid_right,61
132.5,117.5,mid_right,49
137.5,117.5,mid_right,60
142.5,117.5,mid_right,49
147.5,117.5,mid_right,29
152.5,117.5,mid_right,38
157.5,117.5,mid_right,16
162.5,117.5,mid_right,20
167.5,117.5,mid_right,23
172.5,117.5,mid_right,11
177.5,117.5,mid_right,7
182.5,117.5,mid_right,15
187.5,117.5,mid_right,9
192.5,117.5,mid_right,8
197.5,117.5,mid_right,3
202.5,117.5,mid_right,4
207.5,117.5,arc3_right,5
207.5,117.5,mid_right,1
212.5,117.5,arc3_right,127
217.5,117.5,arc3_right,250
222.5,117.5,arc3_right,331
227.5,117.5,arc3_right,276
232.5,117.5,arc3_right,119
237.5,117.5,arc3_right,42
242.5,117.5,arc3_right,4
247.5,117.5,arc3_right,1
-242.5,122.5,arc3_left,3
-237.5,122.5,arc3_left,19
-232.5,122.5,arc3_left,90
-227.5,122.5,arc3_left,224
-222.5,122.5,arc3_left,399
-217.5,122.5,arc3_left,272
-212.5,122.5,arc3_left,202
-207.5,122.5,arc3_left,91
-202.5,122.5,arc3_left,12
-202.5,122.5,mid_left,4
-197.5,122.5,mid_left,5
-192.5,122.5,mid_left,11
-187.5,122.5,mid_left,11
-182.5,122.5,mid_left,9
-177.5,122.5,mid_left,11
-172.5,122.5,mid_left,10
-167.5,122.5,mid_left,12
-162.5,122.5,mid_left,9
-157.5,122.5,mid_left,17
-152.5,122.5,mid_left,23
-147.5,122.5,mid_left,36
-142.5,122.5,mid_left,38
-137.5,122.5,mid_left,31
-132.5,122.5,mid_left,50
-127.5,122.5,mid_center,8
-127.5,122.5,mid_left,53
-122.5,122.5,mid_center,46
-122.5,122.5,mid_left,8
-117.5,122.5,mid_center,67
-112.5,122.5,mid_center,62
-107.5,122.5,mid_center,68
-102.5,122.5,mid_center,68
-97.5,122.5,mid_center,94
-92.5,122.5,mid_center,68
-87.5,122.5,mid_center,79
-82.5,122.5,mid_center,63
-77.5,122.5,paint,66
-72.5,122.5,paint,93
-67.5,122.5,paint,129
-62.5,122.5,paint,138
-57.5,122.5,paint,140
-52.5,122.5,paint,137
-47.5,122.5,paint,176
-42.5,122.5,paint,144
-37.5,122.5,paint,181
-32.5,122.5,paint,119
-27.5,122.5,paint,163
-22.5,122.5,paint,160
-17.5,122.5,paint,168
-12.5,122.5,paint,180
-7.5,122.5,paint,245
-2.5,122.5,paint,295
2.5,122.5,paint,300
7.5,122.5,paint,299
12.5,122.5,paint,219
17.5,122.5,paint,172
22.5,122.5,paint,157
27.5,122.5,paint,177
32.5,122.5,paint,145
37.5,122.5,paint,135
42.5,122.5,paint,161
47.5,122.5,paint,161
52.5,122.5,paint,170
57.5,122.5,paint,181
62.5,122.5,paint,144
67.5,122.5,paint,142
72.5,122.5,paint,115
77.5,122.5,paint,81
82.5,122.5,mid_center,49
82.5,122.5,paint,27
87.5,122.5,mid_center,92
92.5,122.5,mid_center,100
97.5,122.5,mid_center,85
102.5,122.5,mid_center,88
107.5,122.5,mid_center,95
112.5,122.5,mid_center,76
117.5,122.5,mid_center,85
122.5,122.5,mid_center,59
122.5,122.5,mid_right,1
127.5,122.5,mid_center,23
127.5,122.5,mid_right,56
132.5,122.5,mid_right,59
137.5,122.5,mid_right,54
142.5,122.5,mid_right,53
147.5,122.5,mid_right,43
152.5,122.5,mid_right,31
157.5,122.5,mid_right,26
162.5,122.5,mid_right,21
167.5,122.5,mid_right,13
172.5,122.5,mid_right,10
177.5,122.5,mid_right,8
182.5,122.5,mid_right,10
187.5,122.5,mid_right,5
192.5,122.5,mid_right,7
197.5,122.5,mid_right,3
202.5,122.5,mid_right,3
207.5,122.5,arc3_right,38
212.5,122.5,arc3_right,200
217.5,122.5,arc3_right,336
222.5,122.5,arc3_right,304
227.5,122.5,arc3_right,218
232.5,122.5,arc3_right,97
237.5,122.5,arc3_right,29
242.5,122.5,arc3_right,6
247.5,122.5,arc3_right,1
-242.5,127.5,arc3_left,3
-237.5,127.5,arc3_left,11
-232.5,127.5,arc3_left,62
-227.5,127.5,arc3_left,155
-222.5,127.5,arc3_left,366
-217.5,127.5,arc3_left,350
-212.5,127.5,arc3_left,311
-207.5,127.5,arc3_left,169
-202.5,127.5,arc3_left,49
-202.5,127.5,mid_left,1
-197.5,127.5,arc3_left,2
-197.5,127.5,mid_left,3
-192.5,127.5,mid_left,3
-187.5,127.5,mid_left,11
-182.5,127.5,mid_left,5
-177.5,127.5,mid_left,14
-172.5,127.5,mid_left,10
-167.5,127.5,mid_left,15
-162.5,127.5,mid_left,27
-157.5,127.5,mid_left,14
-152.5,127.5,mid_left,25
-147.5,127.5,mid_left,32
-142.5,127.5,mid_left,40
-137.5,127.5,mid_left,49
-132.5,127.5,mid_center,10
-132.5,127.5,mid_left,31
-127.5,127.5,mid_center,51
-127.5,127.5,mid_left,3
-122.5,127.5,mid_center,56
-117.5,127.5,mid_center,84
-112.5,127.5,mid_center,68
-107.5,127.5,mid_center,82
-102.5,127.5,mid_center,76
-97.5,127.5,mid_center,97
-92.5,127.5,mid_center,74
-87.5,127.5,mid_center,67
-82.5,127.5,mid_center,64
-77.5,127.5,paint,82
-72.5,127.5,paint,108
-67.5,127.5,paint,139
-62.5,127.5,paint,142
-57.5,127.5,paint,153
-52.5,127.5,paint,144
-47.5,127.5,paint,121
-42.5,127.5,paint,143
-37.5,127.5,paint,154
-32.5,127.5,paint,99
-27.5,127.5,paint,114
-22.5,127.5,paint,137
-17.5,127.5,paint,141
-12.5,127.5,paint,175
-7.5,127.5,paint,206
-2.5,127.5,paint,271
2.5,127.5,paint,285
7.5,127.5,paint,232
12.5,127.5,paint,208
17.5,127.5,paint,145
22.5,127.5,paint,136
27.5,127.5,paint,163
32.5,127.5,paint,134
37.5,127.5,paint,120
42.5,127.5,paint,103
47.5,127.5,paint,140
52.5,127.5,paint,131
57.5,127.5,paint,150
62.5,127.5,paint,171
67.5,127.5,paint,161
72.5,127.5,paint,144
77.5,127.5,paint,107
82.5,127.5,mid_center,71
82.5,127.5,paint,18
87.5,127.5,mid_center,112
92.5,127.5,mid_center,91
97.5,127.5,mid_center,74
102.5,127.5,mid_center,88
107.5,127.5,mid_center,71
112.5,127.5,mid_center,96
117.5,127.5,mid_center,84
122.5,127.5,mid_center,81
127.5,127.5,mid_center,86
132.5,127.5,mid_center,32
132.5,127.5,mid_right,42
137.5,127.5,mid_right,51
142.5,127.5,mid_right,56
147.5,127.5,mid_right,47
152.5,127.5,mid_right,42
157.5,127.5,mid_right,24
162.5,127.5,mid_right,22
167.5,127.5,mid_right,11
172.5,127.5,mid_right,13
177.5,127.5,mid_right,10
182.5,127.5,mid_right,7
187.5,127.5,mid_right,4
192.5,127.5,mid_right,6
197.5,127.5,mid_right,4
202.5,127.5,arc3_right,15
202.5,127.5,mid_right,2
207.5,127.5,arc3_right,94
212.5,127.5,arc3_right,341
217.5,127.5,arc3_right,370
222.5,127.5,arc3_right,302
227.5,127.5,arc3_right,191
232.5,127.5,arc3_right,71
237.5,127.5,arc3_right,15
242.5,127.5,arc3_right,3
247.5,127.5,arc3_right,1
-247.5,132.5,arc3_left,1
-242.5,132.5,arc3_left,2
-237.5,132.5,arc3_left,11
-232.5,132.5,arc3_left,48
-227.5,132.5,arc3_left,192
-222.5,132.5,arc3_left,410
-217.5,132.5,arc3_left,423
-212.5,132.5,arc3_left,388
-207.5,132.5,arc3_left,301
-202.5,132.5,arc3_left,103
-197.5,132.5,arc3_left,16
-197.5,132.5,mid_left,3
-192.5,132.5,mid_left,3
-187.5,132.5,mid_left,10
-182.5,132.5,mid_left,13
-177.5,132.5,mid_left,14
-172.5,132.5,mid_left,16
-167.5,132.5,mid_left,19
-162.5,132.5,mid_left,26
-157.5,132.5,mid_left,25
-152.5,132.5,mid_left,25
-147.5,132.5,mid_left,39
-142.5,132.5,mid_left,40
-137.5,132.5,mid_center,17
-137.5,132.5,mid_left,49
-132.5,132.5,mid_center,58
-132.5,132.5,mid_left,2
-127.5,132.5,mid_center,66
-122.5,132.5,mid_center,79
-117.5,132.5,mid_center,78
-112.5,132.5,mid_center,87
-107.5,132.5,mid_center,78
-102.5,132.5,mid_center,84
-97.5,132.5,mid_center,113
-92.5,132.5,mid_center,88
-87.5,132.5,mid_center,78
-82.5,132.5,mid_center,90
-77.5,132.5,paint,99
-72.5,132.5,paint,134
-67.5,132.5,paint,159
-62.5,132.5,paint,130
-57.5,132.5,paint,116
-52.5,132.5,paint,124
-47.5,132.5,paint,102
-42.5,132.5,paint,107
-37.5,132.5,paint,117
-32.5,132.5,paint,95
-27.5,132.5,paint,131
-22.5,132.5,paint,123
-17.5,132.5,paint,128
-12.5,132.5,paint,141
-7.5,132.5,paint,214
-2.5,132.5,paint,277
2.5,132.5,paint,249
7.5,132.5,paint,207
12.5,132.5,paint,164
17.5,132.5,paint,142
22.5,132.5,paint,108
27.5,132.5,paint,144
32.5,132.5,paint,111
37.5,132.5,paint,107
42.5,132.5,paint,111
47.5,132.5,paint,126
52.5,132.5,paint,128
57.5,132.5,paint,129
62.5,132.5,paint,124
67.5,132.5,paint,144
72.5,132.5,paint,151
77.5,132.5,paint,118
82.5,132.5,mid_center,59
82.5,132.5,paint,20
87.5,132.5,mid_center,109
92.5,132.5,mid_center,112
97.5,132.5,mid_center,107
102.5,132.5,mid_center,87
107.5,132.5,mid_center,98
112.5,132.5,mid_center,100
117.5,132.5,mid_center,97
122.5,132.5,mid_center,72
127.5,132.5,mid_center,73
132.5,132.5,mid_center,51
137.5,132.5,mid_center,23
137.5,132.5,mid_right,29
142.5,132.5,mid_right,38
147.5,132.5,mid_right,34
152.5,132.5,mid_right,42
157.5,132.5,mid_right,22
162.5,132.5,mid_right,23
167.5,132.5,mid_right,11
172.5,132.5,mid_right,13
177.5,132.5,mid_right,11
182.5,132.5,mid_right,7
187.5,132.5,mid_right,7
192.5,132.5,mid_right,5
197.5,132.5,arc3_right,6
197.5,132.5,mid_right,3
202.5,132.5,arc3_right,65
207.5,132.5,arc3_right,235
212.5,132.5,arc3_right,522
217.5,132.5,arc3_right,368
222.5,132.5,arc3_right,233
227.5,132.5,arc3_right,150
232.5,132.5,arc3_right,58
237.5,132.5,arc3_right,15
242.5,132.5,arc3_right,5
-237.5,137.5,arc3_left,7
-232.5,137.5,arc3_left,32
-227.5,137.5,arc3_left,96
-222.5,137.5,arc3_left,251
-217.5,137.5,arc3_left,333
-212.5,137.5,arc3_left,396
-207.5,137.5,arc3_left,376
-202.5,137.5,arc3_left,185
-197.5,137.5,arc3_left,64
-192.5,137.5,arc3_left,12
-192.5,137.5,mid_left,2
-187.5,137.5,mid_left,5
-182.5,137.5,mid_left,4
-177.5,137.5,mid_left,10
-172.5,137.5,mid_left,10
-167.5,137.5,mid_left,21
-162.5,137.5,mid_left,23
-157.5,137.5,mid_left,22
-152.5,137.5,mid_left,20
-147.5,137.5,mid_left,21
-142.5,137.5,mid_center,14
-142.5,137.5,mid_left,27
-137.5,137.5,mid_center,49
-132.5,137.5,mid_center,56
-127.5,137.5,mid_center,46
-122.5,137.5,mid_center,67
-117.5,137.5,mid_center,59
-112.5,137.5,mid_center,86
-107.5,137.5,mid_center,79
-102.5,137.5,mid_center,69
-97.5,137.5,mid_center,88
-92.5,137.5,mid_center,71
-87.5,137.5,mid_center,100
-82.5,137.5,mid_center,82
-77.5,137.5,mid_center,34
-77.5,137.5,paint,61
-72.5,137.5,mid_center,47
-72.5,137.5,paint,62
-67.5,137.5,mid_center,48
-67.5,137.5,paint,51
-62.5,137.5,mid_center,32
-62.5,137.5,paint,46
-57.5,137.5,mid_center,43
-57.5,137.5,paint,60
-52.5,137.5,mid_center,17
-52.5,137.5,paint,43
-47.5,137.5,mid_center,30
-47.5,137.5,paint,44
-42.5,137.5,mid_center,28
-42.5,137.5,paint,52
-37.5,137.5,mid_center,37
-37.5,137.5,paint,57
-32.5,137.5,mid_center,22
-32.5,137.5,paint,49
-27.5,137.5,mid_center,28
-27.5,137.5,paint,49
-22.5,137.5,mid_center,36
-22.5,137.5,paint,59
-17.5,137.5,mid_center,53
-17.5,137.5,paint,56
-12.5,137.5,mid_center,41
-12.5,137.5,paint,68
-7.5,137.5,mid_center,52
-7.5,137.5,paint,94
-2.5,137.5,mid_center,62
-2.5,137.5,paint,102
2.5,137.5,mid_center,72
2.5,137.5,paint,123
7.5,137.5,mid_center,50
7.5,137.5,paint,91
12.5,137.5,mid_center,53
12.5,137.5,paint,97
17.5,137.5,mid_center,33
17.5,137.5,paint,63
22.5,137.5,mid_center,34
22.5,137.5,paint,62
27.5,137.5,mid_center,38
27.5,137.5,paint,62
32.5,137.5,mid_center,24
32.5,137.5,paint,50
37.5,137.5,mid_center,35
37.5,137.5,paint,40
42.5,137.5,mid_center,32
42.5,137.5,paint,48
47.5,137.5,mid_center,24
47.5,137.5,paint,61
52.5,137.5,mid_center,25
52.5,137.5,paint,43
57.5,137.5,mid_center,25
57.5,137.5,paint,51
62.5,137.5,mid_center,28
62.5,137.5,paint,60
67.5,137.5,mid_center,33
67.5,137.5,paint,73
72.5,137.5,mid_center,46
72.5,137.5,paint,75
77.5,137.5,mid_center,32
77.5,137.5,paint,59
82.5,137.5,mid_center,92
82.5,137.5,paint,18
87.5,137.5,mid_center,111
92.5,137.5,mid_center,107
97.5,137.5,mid_center,109
102.5,137.5,mid_center,102
107.5,137.5,mid_center,94
112.5,137.5,mid_center,75
117.5,137.5,mid_center,79
122.5,137.5,mid_center,65
127.5,137.5,mid_center,60
132.5,137.5,mid_center,49
137.5,137.5,mid_center,53
142.5,137.5,mid_center,19
142.5,137.5,mid_right,15
147.5,137.5,mid_right,33
152.5,137.5,mid_right,22
157.5,137.5,mid_right,24
162.5,137.5,mid_right,18
167.5,137.5,mid_right,8
172.5,137.5,mid_right,5
177.5,137.5,mid_right,8
182.5,137.5,mid_right,6
187.5,137.5,mid_right,4
192.5,137.5,mid_right,2
197.5,137.5,arc3_right,31
202.5,137.5,arc3_right,152
207.5,137.5,arc3_right,301
212.5,137.5,arc3_right,481
217.5,137.5,arc3_right,277
222.5,137.5,arc3_right,192
227.5,137.5,arc3_right,100
232.5,137.5,arc3_right,30
237.5,137.5,arc3_right,15
-247.5,142.5,arc3_left,2
-242.5,142.5,arc3_left,1
-237.5,142.5,arc3_left,6
-232.5,142.5,arc3_left,16
-227.5,142.5,arc3_left,63
-222.5,142.5,arc3_left,188
-217.5,142.5,arc3_left,257
-212.5,142.5,arc3_left,351
-207.5,142.5,arc3_left,410
-202.5,142.5,arc3_left,282
-197.5,142.5,arc3_left,126
-192.5,142.5,arc3_left,39
-187.5,142.5,arc3_left,4
-187.5,142.5,mid_left,4
-182.5,142.5,mid_left,8
-177.5,142.5,mid_left,16
-172.5,142.5,mid_left,15
-167.5,142.5,mid_left,19
-162.5,142.5,mid_left,26
-157.5,142.5,mid_left,12
-152.5,142.5,mid_left,15
-147.5,142.5,mid_center,9
-147.5,142.5,mid_left,17
-142.5,142.5,mid_center,44
-142.5,142.5,mid_left,1
-137.5,142.5,mid_center,55
-132.5,142.5,mid_center,33
-127.5,142.5,mid_center,46
-122.5,142.5,mid_center,61
-117.5,142.5,mid_center,65
-112.5,142.5,mid_center,73
-107.5,142.5,mid_center,68
-102.5,142.5,mid_center,79
-97.5,142.5,mid_center,93
-92.5,142.5,mid_center,115
-87.5,142.5,mid_center,91
-82.5,142.5,mid_center,90
-77.5,142.5,mid_center,94
-72.5,142.5,mid_center,96
-67.5,142.5,mid_center,98
-62.5,142.5,mid_center,67
-57.5,142.5,mid_center,57
-52.5,142.5,mid_center,69
-47.5,142.5,mid_center,70
-42.5,142.5,mid_center,69
-37.5,142.5,mid_center,91
-32.5,142.5,mid_center,70
-27.5,142.5,mid_center,76
-22.5,142.5,mid_center,83
-17.5,142.5,mid_center,84
-12.5,142.5,mid_center,103
-7.5,142.5,mid_center,135
-2.5,142.5,mid_center,164
2.5,142.5,mid_center,194
7.5,142.5,mid_center,148
12.5,142.5,mid_center,96
17.5,142.5,mid_center,75
22.5,142.5,mid_center,87
27.5,142.5,mid_center,102
32.5,142.5,mid_center,75
37.5,142.5,mid_center,71
42.5,142.5,mid_center,60
47.5,142.5,mid_center,57
52.5,142.5,mid_center,69
57.5,142.5,mid_center,82
62.5,142.5,mid_center,92
67.5,142.5,mid_center,93
72.5,142.5,mid_center,99
77.5,142.5,mid_center,94
82.5,142.5,mid_center,119
87.5,142.5,mid_center,125
92.5,142.5,mid_center,94
97.5,142.5,mid_center,97
102.5,142.5,mid_center,102
107.5,142.5,mid_center,89
112.5,142.5,mid_center,91
117.5,142.5,mid_center,70
122.5,142.5,mid_center,64
127.5,142.5,mid_center,61
132.5,142.5,mid_center,48
137.5,142.5,mid_center,45
142.5,142.5,mid_center,31
147.5,142.5,mid_center,6
147.5,142.5,mid_right,14
152.5,142.5,mid_right,24
157.5,142.5,mid_right,14
162.5,142.5,mid_right,12
167.5,142.5,mid_right,11
172.5,142.5,mid_right,10
177.5,142.5,mid_right,6
182.5,142.5,mid_right,4
187.5,142.5,arc3_right,3
187.5,142.5,mid_right,3
192.5,142.5,arc3_right,8
197.5,142.5,arc3_right,89
202.5,142.5,arc3_right,193
207.5,142.5,arc3_right,370
212.5,142.5,arc3_right,465
217.5,142.5,arc3_right,209
222.5,142.5,arc3_right,108
227.5,142.5,arc3_right,51
232.5,142.5,arc3_right,25
237.5,142.5,arc3_right,5
242.5,142.5,arc3_right,3
247.5,142.5,arc3_right,1
-242.5,147.5,arc3_left,1
-237.5,147.5,arc3_left,2
-232.5,147.5,arc3_left,15
-227.5,147.5,arc3_left,40
-222.5,147.5,arc3_left,125
-217.5,147.5,arc3_left,220
-212.5,147.5,arc3_left,370
-207.5,147.5,arc3_left,417
-202.5,147.5,arc3_left,396
-197.5,147.5,arc3_left,260
-192.5,147.5,arc3_left,146
-187.5,147.5,arc3_left,24
-187.5,147.5,mid_left,3
-182.5,147.5,mid_left,2
-177.5,147.5,mid_left,10
-172.5,147.5,mid_left,11
-167.5,147.5,mid_left,18
-162.5,147.5,mid_left,17
-157.5,147.5,mid_left,21
-152.5,147.5,mid_center,3
-152.5,147.5,mid_left,10
-147.5,147.5,mid_center,24
-142.5,147.5,mid_center,30
-137.5,147.5,mid_center,36
-132.5,147.5,mid_center,44
-127.5,147.5,mid_center,54
-122.5,147.5,mid_center,58
-117.5,147.5,mid_center,85
-112.5,147.5,mid_center,63
-107.5,147.5,mid_center,71
-102.5,147.5,mid_center,94
-97.5,147.5,mid_center,115
-92.5,147.5,mid_center,108
-87.5,147.5,mid_center,89
-82.5,147.5,mid_center,94
-77.5,147.5,mid_center,97
-72.5,147.5,mid_center,103
-67.5,147.5,mid_center,102
-62.5,147.5,mid_center,88
-57.5,147.5,mid_center,71
-52.5,147.5,mid_center,68
-47.5,147.5,mid_center,60
-42.5,147.5,mid_center,63
-37.5,147.5,mid_center,92
-32.5,147.5,mid_center,82
-27.5,147.5,mid_center,101
-22.5,147.5,mid_center,92
-17.5,147.5,mid_center,127
-12.5,147.5,mid_center,123
-7.5,147.5,mid_center,132
-2.5,147.5,mid_center,179
2.5,147.5,mid_center,202
7.5,147.5,mid_center,177
12.5,147.5,mid_center,141
17.5,147.5,mid_center,149
22.5,147.5,mid_center,92
27.5,147.5,mid_center,113
32.5,147.5,mid_center,86
37.5,147.5,mid_center,85
42.5,147.5,mid_center,73
47.5,147.5,mid_center,81
52.5,147.5,mid_center,74
57.5,147.5,mid_center,71
62.5,147.5,mid_center,68
67.5,147.5,mid_center,111
72.5,147.5,mid_center,81
77.5,147.5,mid_center,103
82.5,147.5,mid_center,114
87.5,147.5,mid_center,119
92.5,147.5,mid_center,96
97.5,147.5,mid_center,93
102.5,147.5,mid_center,90
107.5,147.5,mid_center,78
112.5,147.5,mid_center,93
117.5,147.5,mid_center,83
122.5,147.5,mid_center,70
127.5,147.5,mid_center,66
132.5,147.5,mid_center,48
137.5,147.5,mid_center,33
142.5,147.5,mid_center,30
147.5,147.5,mid_center,15
152.5,147.5,mid_center,7
152.5,147.5,mid_right,10
157.5,147.5,mid_right,13
162.5,147.5,mid_right,13
167.5,147.5,mid_right,8
172.5,147.5,mid_right,9
177.5,147.5,mid_right,4
182.5,147.5,mid_right,1
187.5,147.5,arc3_right,3
192.5,147.5,arc3_right,48
197.5,147.5,arc3_right,182
202.5,147.5,arc3_right,305
207.5,147.5,arc3_right,398
212.5,147.5,arc3_right,398
217.5,147.5,arc3_right,203
222.5,147.5,arc3_right,108
227.5,147.5,arc3_right,38
232.5,147.5,arc3_right,15
237.5,147.5,arc3_right,2
242.5,147.5,arc3_right,1
-237.5,152.5,arc3_left,1
-232.5,152.5,arc3_left,11
-227.5,152.5,arc3_left,36
-222.5,152.5,arc3_left,107
-217.5,152.5,arc3_left,175
-212.5,152.5,arc3_left,279
-207.5,152.5,arc3_left,479
-202.5,152.5,arc3_left,448
-197.5,152.5,arc3_left,367
-192.5,152.5,arc3_left,268
-187.5,152.5,arc3_left,95
-182.5,152.5,arc3_left,19
-182.5,152.5,mid_left,1
-177.5,152.5,mid_left,4
-172.5,152.5,mid_left,8
-167.5,152.5,mid_left,15
-162.5,152.5,mid_left,19
-157.5,152.5,mid_center,8
-157.5,152.5,mid_left,10
-152.5,152.5,mid_center,18
-147.5,152.5,mid_center,21
-142.5,152.5,mid_center,26
-137.5,152.5,mid_center,33
-132.5,152.5,mid_center,51
-127.5,152.5,mid_center,48
-122.5,152.5,mid_center,47
-117.5,152.5,mid_center,70
-112.5,152.5,mid_center,71
-107.5,152.5,mid_center,80
-102.5,152.5,mid_center,70
-97.5,152.5,mid_center,129
-92.5,152.5,mid_center,89
-87.5,152.5,mid_center,106
-82.5,152.5,mid_center,105
-77.5,152.5,mid_center,96
-72.5,152.5,mid_center,93
-67.5,152.5,mid_center,83
-62.5,152.5,mid_center,73
-57.5,152.5,mid_center,64
-52.5,152.5,mid_center,80
-47.5,152.5,mid_center,77
-42.5,152.5,mid_center,75
-37.5,152.5,mid_center,96
-32.5,152.5,mid_center,79
-27.5,152.5,mid_center,91
-22.5,152.5,mid_center,105
-17.5,152.5,mid_center,101
-12.5,152.5,mid_center,154
-7.5,152.5,mid_center,169
-2.5,152.5,mid_center,210
2.5,152.5,mid_center,240
7.5,152.5,mid_center,155
12.5,152.5,mid_center,148
17.5,152.5,mid_center,138
22.5,152.5,mid_center,111
27.5,152.5,mid_center,129
32.5,152.5,mid_center,78
37.5,152.5,mid_center,89
42.5,152.5,mid_center,75
47.5,152.5,mid_center,100
52.5,152.5,mid_center,66
57.5,152.5,mid_center,68
62.5,152.5,mid_center,69
67.5,152.5,mid_center,85
72.5,152.5,mid_center,98
77.5,152.5,mid_center,90
82.5,152.5,mid_center,101
87.5,152.5,mid_center,143
92.5,152.5,mid_center,103
97.5,152.5,mid_center,115
102.5,152.5,mid_center,79
107.5,152.5,mid_center,88
112.5,152.5,mid_center,82
117.5,152.5,mid_center,88
122.5,152.5,mid_center,59
127.5,152.5,mid_center,52
132.5,152.5,mid_center,37
137.5,152.5,mid_center,34
142.5,152.5,mid_center,23
147.5,152.5,mid_center,18
152.5,152.5,mid_center,34
157.5,152.5,mid_center,1
157.5,152.5,mid_right,7
162.5,152.5,mid_right,12
167.5,152.5,mid_right,13
172.5,152.5,mid_right,4
177.5,152.5,mid_right,5
182.5,152.5,arc3_right,2
182.5,152.5,mid_right,1
187.5,152.5,arc3_right,48
192.5,152.5,arc3_right,172
197.5,152.5,arc3_right,273
202.5,152.5,arc3_right,415
207.5,152.5,arc3_right,372
212.5,152.5,arc3_right,340
217.5,152.5,arc3_right,121
222.5,152.5,arc3_right,71
227.5,152.5,arc3_right,42
232.5,152.5,arc3_right,6
237.5,152.5,arc3_right,2
247.5,152.5,arc3_right,1
-237.5,157.5,arc3_left,2
-232.5,157.5,arc3_left,4
-227.5,157.5,arc3_left,21
-222.5,157.5,arc3_left,100
-217.5,157.5,arc3_left,157
-212.5,157.5,arc3_left,273
-207.5,157.5,arc3_left,438
-202.5,157.5,arc3_left,541
-197.5,157.5,arc3_left,515
-192.5,157.5,arc3_left,444
-187.5,157.5,arc3_left,274
-182.5,157.5,arc3_left,104
-177.5,157.5,arc3_left,19
-177.5,157.5,mid_left,1
-172.5,157.5,mid_left,4
-167.5,157.5,mid_left,6
-162.5,157.5,mid_center,5
-162.5,157.5,mid_left,9
-157.5,157.5,mid_center,25
-152.5,157.5,mid_center,15
-147.5,157.5,mid_center,22
-142.5,157.5,mid_center,18
-137.5,157.5,mid_center,42
-132.5,157.5,mid_center,39
-127.5,157.5,mid_center,55
-122.5,157.5,mid_center,54
-117.5,157.5,mid_center,69
-112.5,157.5,mid_center,70
-107.5,157.5,mid_center,85
-102.5,157.5,mid_center,84
-97.5,157.5,mid_center,130
-92.5,157.5,mid_center,105
-87.5,157.5,mid_center,97
-82.5,157.5,mid_center,96
-77.5,157.5,mid_center,83
-72.5,157.5,mid_center,109
-67.5,157.5,mid_center,83
-62.5,157.5,mid_center,93
-57.5,157.5,mid_center,78
-52.5,157.5,mid_center,78
-47.5,157.5,mid_center,101
-42.5,157.5,mid_center,81
-37.5,157.5,mid_center,119
-32.5,157.5,mid_center,84
-27.5,157.5,mid_center,118
-22.5,157.5,mid_center,122
-17.5,157.5,mid_center,128
-12.5,157.5,mid_center,131
-7.5,157.5,mid_center,177
-2.5,157.5,mid_center,235
2.5,157.5,mid_center,266
7.5,157.5,mid_center,204
12.5,157.5,mid_center,147
17.5,157.5,mid_center,160
22.5,157.5,mid_center,115
27.5,157.5,mid_center,125
32.5,157.5,mid_center,85
37.5,157.5,mid_center,74
42.5,157.5,mid_center,93
47.5,157.5,mid_center,85
52.5,157.5,mid_center,65
57.5,157.5,mid_center,86
62.5,157.5,mid_center,79
67.5,157.5,mid_center,79
72.5,157.5,mid_center,81
77.5,157.5,mid_center,84
82.5,157.5,mid_center,106
87.5,157.5,mid_center,143
92.5,157.5,mid_center,112
97.5,157.5,mid_center,88
102.5,157.5,mid_center,98
107.5,157.5,mid_center,95
112.5,157.5,mid_center,86
117.5,157.5,mid_center,89
122.5,157.5,mid_center,77
127.5,157.5,mid_center,42
132.5,157.5,mid_center,40
137.5,157.5,mid_center,34
142.5,157.5,mid_center,25
147.5,157.5,mid_center,21
152.5,157.5,mid_center,18
157.5,157.5,mid_center,7
162.5,157.5,mid_center,3
162.5,157.5,mid_right,6
167.5,157.5,mid_right,6
172.5,157.5,mid_right,6
177.5,157.5,arc3_right,2
177.5,157.5,mid_right,1
182.5,157.5,arc3_right,50
187.5,157.5,arc3_right,137
192.5,157.5,arc3_right,341
197.5,157.5,arc3_right,422
202.5,157.5,arc3_right,432
207.5,157.5,arc3_right,407
212.5,157.5,arc3_right,282
217.5,157.5,arc3_right,109
222.5,157.5,arc3_right,56
227.5,157.5,arc3_right,18
232.5,157.5,arc3_right,4
237.5,157.5,arc3_right,2
-247.5,162.5,arc3_left,1
-232.5,162.5,arc3_left,5
-227.5,162.5,arc3_left,14
-222.5,162.5,arc3_left,52
-217.5,162.5,arc3_left,98
-212.5,162.5,arc3_left,196
-207.5,162.5,arc3_left,278
-202.5,162.5,arc3_left,432
-197.5,162.5,arc3_left,461
-192.5,162.5,arc3_left,488
-187.5,162.5,arc3_left,426
-182.5,162.5,arc3_left,172
-177.5,162.5,arc3_left,69
-172.5,162.5,arc3_left,20
-172.5,162.5,mid_left,1
-167.5,162.5,mid_center,3
-167.5,162.5,mid_left,6
-162.5,162.5,mid_center,11
-157.5,162.5,mid_center,20
-152.5,162.5,mid_center,20
-147.5,162.5,mid_center,17
-142.5,162.5,mid_center,20
-137.5,162.5,mid_center,27
-132.5,162.5,mid_center,29
-127.5,162.5,mid_center,27
-122.5,162.5,mid_center,41
-117.5,162.5,mid_center,55
-112.5,162.5,mid_center,52
-107.5,162.5,mid_center,56
-102.5,162.5,mid_center,67
-97.5,162.5,mid_center,76
-92.5,162.5,mid_center,85
-87.5,162.5,mid_center,74
-82.5,162.5,mid_center,63
-77.5,162.5,mid_center,70
-72.5,162.5,mid_center,86
-67.5,162.5,mid_center,90
-62.5,162.5,mid_center,61
-57.5,162.5,mid_center,73
-52.5,162.5,mid_center,66
-47.5,162.5,mid_center,66
-42.5,162.5,mid_center,65
-37.5,162.5,mid_center,94
-32.5,162.5,mid_center,71
-27.5,162.5,mid_center,89
-22.5,162.5,mid_center,84
-17.5,162.5,mid_center,108
-12.5,162.5,mid_center,124
-7.5,162.5,mid_center,139
-2.5,162.5,mid_center,157
2.5,162.5,mid_center,188
7.5,162.5,mid_center,147
12.5,162.5,mid_center,128
17.5,162.5,mid_center,108
22.5,162.5,mid_center,88
27.5,162.5,mid_center,107
32.5,162.5,mid_center,83
37.5,162.5,mid_center,58
42.5,162.5,mid_center,70
47.5,162.5,mid_center,82
52.5,162.5,mid_center,64
57.5,162.5,mid_center,61
62.5,162.5,mid_center,66
67.5,162.5,mid_center,75
72.5,162.5,mid_center,91
77.5,162.5,mid_center,84
82.5,162.5,mid_center,83
87.5,162.5,mid_center,103
92.5,162.5,mid_center,93
97.5,162.5,mid_center,83
102.5,162.5,mid_center,84
107.5,162.5,mid_center,58
112.5,162.5,mid_center,70
117.5,162.5,mid_center,54
122.5,162.5,mid_center,37
127.5,162.5,mid_center,34
132.5,162.5,mid_center,24
137.5,162.5,mid_center,13
142.5,162.5,mid_center,18
147.5,162.5,mid_center,6
152.5,162.5,mid_center,17
157.5,162.5,mid_center,13
162.5,162.5,mid_center,6
167.5,162.5,mid_center,2
167.5,162.5,mid_right,2
172.5,162.5,arc3_right,3
177.5,162.5,arc3_right,35
182.5,162.5,arc3_right,137
187.5,162.5,arc3_right,279
192.5,162.5,arc3_right,411
197.5,162.5,arc3_right,430
202.5,162.5,arc3_right,324
207.5,162.5,arc3_right,234
212.5,162.5,arc3_right,169
217.5,162.5,arc3_right,67
222.5,162.5,arc3_right,27
227.5,162.5,arc3_right,13
232.5,162.5,arc3_right,4
237.5,162.5,arc3_right,2
242.5,162.5,arc3_right,1
-232.5,167.5,arc3_left,2
-227.5,167.5,arc3_left,5
-222.5,167.5,arc3_left,25
-217.5,167.5,arc3_left,48
-212.5,167.5,arc3_left,144
-207.5,167.5,arc3_left,217
-202.5,167.5,arc3_left,317
-197.5,167.5,arc3_left,443
-192.5,167.5,arc3_left,538
-187.5,167.5,arc3_left,534
-182.5,167.5,arc3_left,382
-177.5,167.5,arc3_left,195
-172.5,167.5,arc3_left,75
-167.5,167.5,arc3_left,15
-162.5,167.5,mid_center,5
-157.5,167.5,mid_center,7
-152.5,167.5,mid_center,12
-147.5,167.5,mid_center,17
-142.5,167.5,mid_center,16
-137.5,167.5,mid_center,20
-132.5,167.5,mid_center,21
-127.5,167.5,mid_center,31
-122.5,167.5,mid_center,32
-117.5,167.5,mid_center,54
-112.5,167.5,mid_center,50
-107.5,167.5,mid_center,67
-102.5,167.5,mid_center,56
-97.5,167.5,mid_center,85
-92.5,167.5,mid_center,87
-87.5,167.5,mid_center,64
-82.5,167.5,mid_center,75
-77.5,167.5,mid_center,60
-72.5,167.5,mid_center,62
-67.5,167.5,mid_center,47
-62.5,167.5,mid_center,65
-57.5,167.5,mid_center,50
-52.5,167.5,mid_center,62
-47.5,167.5,mid_center,63
-42.5,167.5,mid_center,70
-37.5,167.5,mid_center,97
-32.5,167.5,mid_center,55
-27.5,167.5,mid_center,63
-22.5,167.5,mid_center,81
-17.5,167.5,mid_center,93
-12.5,167.5,mid_center,89
-7.5,167.5,mid_center,118
-2.5,167.5,mid_center,148
2.5,167.5,mid_center,155
7.5,167.5,mid_center,136
12.5,167.5,mid_center,94
17.5,167.5,mid_center,94
22.5,167.5,mid_center,88
27.5,167.5,mid_center,104
32.5,167.5,mid_center,64
37.5,167.5,mid_center,61
42.5,167.5,mid_center,75
47.5,167.5,mid_center,58
52.5,167.5,mid_center,68
57.5,167.5,mid_center,64
62.5,167.5,mid_center,63
67.5,167.5,mid_center,63
72.5,167.5,mid_center,71
77.5,167.5,mid_center,69
82.5,167.5,mid_center,72
87.5,167.5,mid_center,98
92.5,167.5,mid_center,87
97.5,167.5,mid_center,87
102.5,167.5,mid_center,44
107.5,167.5,mid_center,64
112.5,167.5,mid_center,65
117.5,167.5,mid_center,41
122.5,167.5,mid_center,30
127.5,167.5,mid_center,33
132.5,167.5,mid_center,16
137.5,167.5,mid_center,21
142.5,167.5,mid_center,18
147.5,167.5,mid_center,17
152.5,167.5,mid_center,12
157.5,167.5,mid_center,9
162.5,167.5,mid_center,4
167.5,167.5,arc3_right,1
167.5,167.5,mid_center,3
172.5,167.5,arc3_right,25
177.5,167.5,arc3_right,97
182.5,167.5,arc3_right,282
187.5,167.5,arc3_right,424
192.5,167.5,arc3_right,438
197.5,167.5,arc3_right,398
202.5,167.5,arc3_right,290
207.5,167.5,arc3_right,178
212.5,167.5,arc3_right,125
217.5,167.5,arc3_right,51
222.5,167.5,arc3_right,29
227.5,167.5,arc3_right,7
232.5,167.5,arc3_right,2
247.5,167.5,arc3_right,1
-232.5,172.5,arc3_left,4
-227.5,172.5,arc3_left,5
-222.5,172.5,arc3_left,17
-217.5,172.5,arc3_left,44
-212.5,172.5,arc3_left,106
-207.5,172.5,arc3_left,157
-202.5,172.5,arc3_left,274
-197.5,172.5,arc3_left,389
-192.5,172.5,arc3_left,493
-187.5,172.5,arc3_left,613
-182.5,172.5,arc3_left,561
-177.5,172.5,arc3_left,389
-172.5,172.5,arc3_left,226
-167.5,172.5,arc3_left,62
-162.5,172.5,arc3_left,12
-162.5,172.5,mid_center,1
-157.5,172.5,mid_center,10
-152.5,172.5,mid_center,12
-147.5,172.5,mid_center,15
-142.5,172.5,mid_center,17
-137.5,172.5,mid_center,19
-132.5,172.5,mid_center,28
-127.5,172.5,mid_center,29
-122.5,172.5,mid_center,24
-117.5,172.5,mid_center,36
-112.5,172.5,mid_center,43
-107.5,172.5,mid_center,26
-102.5,172.5,mid_center,46
-97.5,172.5,mid_center,73
-92.5,172.5,mid_center,63
-87.5,172.5,mid_center,72
-82.5,172.5,mid_center,60
-77.5,172.5,mid_center,42
-72.5,172.5,mid_center,64
-67.5,172.5,mid_center,54
-62.5,172.5,mid_center,68
-57.5,172.5,mid_center,53
-52.5,172.5,mid_center,56
-47.5,172.5,mid_center,67
-42.5,172.5,mid_center,76
-37.5,172.5,mid_center,78
-32.5,172.5,mid_center,61
-27.5,172.5,mid_center,79
-22.5,172.5,mid_center,77
-17.5,172.5,mid_center,70
-12.5,172.5,mid_center,77
-7.5,172.5,mid_center,100
-2.5,172.5,mid_center,115
2.5,172.5,mid_center,139
7.5,172.5,mid_center,117
12.5,172.5,mid_center,104
17.5,172.5,mid_center,80
22.5,172.5,mid_center,69
27.5,172.5,mid_center,99
32.5,172.5,mid_center,54
37.5,172.5,mid_center,74
42.5,172.5,mid_center,69
47.5,172.5,mid_center,70
52.5,172.5,mid_center,64
57.5,172.5,mid_center,62
62.5,172.5,mid_center,73
67.5,172.5,mid_center,58
72.5,172.5,mid_center,71
77.5,172.5,mid_center,62
82.5,172.5,mid_center,66
87.5,172.5,mid_center,70
92.5,172.5,mid_center,70
97.5,172.5,mid_center,69
102.5,172.5,mid_center,58
107.5,172.5,mid_center,49
112.5,172.5,mid_center,46
117.5,172.5,mid_center,48
122.5,172.5,mid_center,20
127.5,172.5,mid_center,24
132.5,172.5,mid_center,25
137.5,172.5,mid_center,23
142.5,172.5,mid_center,17
147.5,172.5,mid_center,14
152.5,172.5,mid_center,11
157.5,172.5,mid_center,12
162.5,172.5,arc3_right,2
162.5,172.5,mid_center,1
167.5,172.5,arc3_right,34
172.5,172.5,arc3_right,112
177.5,172.5,arc3_right,265
182.5,172.5,arc3_right,438
187.5,172.5,arc3_right,549
192.5,172.5,arc3_right,512
197.5,172.5,arc3_right,349
202.5,172.5,arc3_right,223
207.5,172.5,arc3_right,165
212.5,172.5,arc3_right,89
217.5,172.5,arc3_right,40
222.5,172.5,arc3_right,17
227.5,172.5,arc3_right,9
232.5,172.5,arc3_right,4
-242.5,177.5,arc3_left,1
-232.5,177.5,arc3_left,2
-227.5,177.5,arc3_left,6
-222.5,177.5,arc3_left,13
-217.5,177.5,arc3_left,29
-212.5,177.5,arc3_left,76
-207.5,177.5,arc3_left,142
-202.5,177.5,arc3_left,241
-197.5,177.5,arc3_left,295
-192.5,177.5,arc3_left,459
-187.5,177.5,arc3_left,590
-182.5,177.5,arc3_left,723
-177.5,177.5,arc3_left,532
-172.5,177.5,arc3_left,384
-167.5,177.5,arc3_left,238
-162.5,177.5,arc3_left,116
-157.5,177.5,arc3_left,12
-157.5,177.5,mid_center,6
-152.5,177.5,mid_center,5
-147.5,177.5,mid_center,11
-142.5,177.5,mid_center,17
-137.5,177.5,mid_center,22
-132.5,177.5,mid_center,19
-127.5,177.5,mid_center,29
-122.5,177.5,mid_center,33
-117.5,177.5,mid_center,21
-112.5,177.5,mid_center,42
-107.5,177.5,mid_center,40
-102.5,177.5,mid_center,50
-97.5,177.5,mid_center,55
-92.5,177.5,mid_center,51
-87.5,177.5,mid_center,59
-82.5,177.5,mid_center,56
-77.5,177.5,mid_center,59
-72.5,177.5,mid_center,53
-67.5,177.5,mid_center,61
-62.5,177.5,mid_center,50
-57.5,177.5,mid_center,64
-52.5,177.5,mid_center,46
-47.5,177.5,mid_center,67
-42.5,177.5,mid_center,60
-37.5,177.5,mid_center,78
-32.5,177.5,mid_center,61
-27.5,177.5,mid_center,76
-22.5,177.5,mid_center,63
-17.5,177.5,mid_center,71
-12.5,177.5,mid_center,69
-7.5,177.5,mid_center,74
-2.5,177.5,mid_center,114
2.5,177.5,mid_center,103
7.5,177.5,mid_center,69
12.5,177.5,mid_center,72
17.5,177.5,mid_center,90
22.5,177.5,mid_center,66
27.5,177.5,mid_center,60
32.5,177.5,mid_center,59
37.5,177.5,mid_center,62
42.5,177.5,mid_center,71
47.5,177.5,mid_center,55
52.5,177.5,mid_center,70
57.5,177.5,mid_center,56
62.5,177.5,mid_center,46
67.5,177.5,mid_center,57
72.5,177.5,mid_center,50
77.5,177.5,mid_center,57
82.5,177.5,mid_center,50
87.5,177.5,mid_center,81
92.5,177.5,mid_center,72
97.5,177.5,mid_center,63
102.5,177.5,mid_center,41
107.5,177.5,mid_center,34
112.5,177.5,mid_center,39
117.5,177.5,mid_center,36
122.5,177.5,mid_center,24
127.5,177.5,mid_center,12
132.5,177.5,mid_center,11
137.5,177.5,mid_center,14
142.5,177.5,mid_center,14
147.5,177.5,mid_center,7
152.5,177.5,mid_center,6
157.5,177.5,arc3_right,5
162.5,177.5,arc3_right,43
167.5,177.5,arc3_right,127
172.5,177.5,arc3_right,290
177.5,177.5,arc3_right,400
182.5,177.5,arc3_right,513
187.5,177.5,arc3_right,522
192.5,177.5,arc3_right,393
197.5,177.5,arc3_right,274
202.5,177.5,arc3_right,182
207.5,177.5,arc3_right,108
212.5,177.5,arc3_right,73
217.5,177.5,arc3_right,27
222.5,177.5,arc3_right,16
227.5,177.5,arc3_right,4
232.5,177.5,arc3_right,1
-232.5,182.5,arc3_left,1
-227.5,182.5,arc3_left,12
-222.5,182.5,arc3_left,18
-217.5,182.5,arc3_left,27
-212.5,182.5,arc3_left,70
-207.5,182.5,arc3_left,120
-202.5,182.5,arc3_left,175
-197.5,182.5,arc3_left,267
-192.5,182.5,arc3_left,349
-187.5,182.5,arc3_left,563
-182.5,182.5,arc3_left,708
-177.5,182.5,arc3_left,634
-172.5,182.5,arc3_left,546
-167.5,182.5,arc3_left,423
-162.5,182.5,arc3_left,262
-157.5,182.5,arc3_left,109
-152.5,182.5,arc3_left,13
-152.5,182.5,mid_center,2
-147.5,182.5,mid_center,6
-142.5,182.5,mid_center,10
-137.5,182.5,mid_center,12
-132.5,182.5,mid_center,18
-127.5,182.5,mid_center,17
-122.5,182.5,mid_center,19
-117.5,182.5,mid_center,26
-112.5,182.5,mid_center,32
-107.5,182.5,mid_center,29
-102.5,182.5,mid_center,32
-97.5,182.5,mid_center,47
-92.5,182.5,mid_center,47
-87.5,182.5,mid_center,64
-82.5,182.5,mid_center,54
-77.5,182.5,mid_center,44
-72.5,182.5,mid_center,50
-67.5,182.5,mid_center,57
-62.5,182.5,mid_center,41
-57.5,182.5,mid_center,48
-52.5,182.5,mid_center,48
-47.5,182.5,mid_center,64
-42.5,182.5,mid_center,52
-37.5,182.5,mid_center,66
-32.5,182.5,mid_center,56
-27.5,182.5,mid_center,54
-22.5,182.5,mid_center,59
-17.5,182.5,mid_center,55
-12.5,182.5,mid_center,68
-7.5,182.5,mid_center,80
-2.5,182.5,mid_center,86
2.5,182.5,mid_center,98
7.5,182.5,mid_center,64
12.5,182.5,mid_center,67
17.5,182.5,mid_center,53
22.5,182.5,mid_center,56
27.5,182.5,mid_center,80
32.5,182.5,mid_center,47
37.5,182.5,mid_center,56
42.5,182.5,mid_center,59
47.5,182.5,mid_center,79
52.5,182.5,mid_center,57
57.5,182.5,mid_center,56
62.5,182.5,mid_center,56
67.5,182.5,mid_center,52
72.5,182.5,mid_center,50
77.5,182.5,mid_center,44
82.5,182.5,mid_center,45
87.5,182.5,mid_center,51
92.5,182.5,mid_center,39
97.5,182.5,mid_center,48
102.5,182.5,mid_center,21
107.5,182.5,mid_center,16
112.5,182.5,mid_center,28
117.5,182.5,mid_center,19
122.5,182.5,mid_center,18
127.5,182.5,mid_center,15
132.5,182.5,mid_center,18
137.5,182.5,mid_center,19
142.5,182.5,mid_center,16
147.5,182.5,mid_center,8
152.5,182.5,arc3_right,2
152.5,182.5,mid_center,2
157.5,182.5,arc3_right,36
162.5,182.5,arc3_right,148
167.5,182.5,arc3_right,295
172.5,182.5,arc3_right,457
177.5,182.5,arc3_right,572
182.5,182.5,arc3_right,548
187.5,182.5,arc3_right,432
192.5,182.5,arc3_right,327
197.5,182.5,arc3_right,188
202.5,182.5,arc3_right,121
207.5,182.5,arc3_right,96
212.5,182.5,arc3_right,68
217.5,182.5,arc3_right,24
222.5,182.5,arc3_right,5
227.5,182.5,arc3_right,7
232.5,182.5,arc3_right,3
237.5,182.5,arc3_right,1
-232.5,187.5,arc3_left,2
-227.5,187.5,arc3_left,5
-222.5,187.5,arc3_left,18
-217.5,187.5,arc3_left,17
-212.5,187.5,arc3_left,41
-207.5,187.5,arc3_left,69
-202.5,187.5,arc3_left,124
-197.5,187.5,arc3_left,179
-192.5,187.5,arc3_left,302
-187.5,187.5,arc3_left,423
-182.5,187.5,arc3_left,543
-177.5,187.5,arc3_left,632
-172.5,187.5,arc3_left,691
-167.5,187.5,arc3_left,605
-162.5,187.5,arc3_left,508
-157.5,187.5,arc3_left,209
-152.5,187.5,arc3_left,86
-147.5,187.5,arc3_left,26
-147.5,187.5,mid_center,1
-142.5,187.5,mid_center,4
-137.5,187.5,mid_center,3
-132.5,187.5,mid_center,12
-127.5,187.5,mid_center,15
-122.5,187.5,mid_center,16
-117.5,187.5,mid_center,19
-112.5,187.5,mid_center,27
-107.5,187.5,mid_center,17
-102.5,187.5,mid_center,31
-97.5,187.5,mid_center,35
-92.5,187.5,mid_center,47
-87.5,187.5,mid_center,40
-82.5,187.5,mid_center,48
-77.5,187.5,mid_center,29
-72.5,187.5,mid_center,37
-67.5,187.5,mid_center,48
-62.5,187.5,mid_center,44
-57.5,187.5,mid_center,35
-52.5,187.5,mid_center,35
-47.5,187.5,mid_center,41
-42.5,187.5,mid_center,40
-37.5,187.5,mid_center,58
-32.5,187.5,mid_center,58
-27.5,187.5,mid_center,67
-22.5,187.5,mid_center,44
-17.5,187.5,mid_center,51
-12.5,187.5,mid_center,57
-7.5,187.5,mid_center,66
-2.5,187.5,mid_center,81
2.5,187.5,mid_center,94
7.5,187.5,mid_center,72
12.5,187.5,mid_center,61
17.5,187.5,mid_center,59
22.5,187.5,mid_center,65
27.5,187.5,mid_center,58
32.5,187.5,mid_center,41
37.5,187.5,mid_center,56
42.5,187.5,mid_center,55
47.5,187.5,mid_center,49
52.5,187.5,mid_center,39
57.5,187.5,mid_center,46
62.5,187.5,mid_center,44
67.5,187.5,mid_center,46
72.5,187.5,mid_center,44
77.5,187.5,mid_center,42
82.5,187.5,mid_center,35
87.5,187.5,mid_center,60
92.5,187.5,mid_center,40
97.5,187.5,mid_center,33
102.5,187.5,mid_center,18
107.5,187.5,mid_center,23
112.5,187.5,mid_center,16
117.5,187.5,mid_center,29
122.5,187.5,mid_center,12
127.5,187.5,mid_center,13
132.5,187.5,mid_center,16
137.5,187.5,mid_center,6
142.5,187.5,mid_center,5
147.5,187.5,arc3_right,3
147.5,187.5,mid_center,1
152.5,187.5,arc3_right,37
157.5,187.5,arc3_right,143
162.5,187.5,arc3_right,360
167.5,187.5,arc3_right,467
172.5,187.5,arc3_right,564
177.5,187.5,arc3_right,549
182.5,187.5,arc3_right,442
187.5,187.5,arc3_right,320
192.5,187.5,arc3_right,237
197.5,187.5,arc3_right,140
202.5,187.5,arc3_right,88
207.5,187.5,arc3_right,61
212.5,187.5,arc3_right,32
217.5,187.5,arc3_right,8
222.5,187.5,arc3_right,7
227.5,187.5,arc3_right,5
232.5,187.5,arc3_right,2
-232.5,192.5,arc3_left,3
-227.5,192.5,arc3_left,2
-222.5,192.5,arc3_left,4
-217.5,192.5,arc3_left,11
-212.5,192.5,arc3_left,21
-207.5,192.5,arc3_left,60
-202.5,192.5,arc3_left,93
-197.5,192.5,arc3_left,123
-192.5,192.5,arc3_left,215
-187.5,192.5,arc3_left,307
-182.5,192.5,arc3_left,407
-177.5,192.5,arc3_left,539
-172.5,192.5,arc3_left,628
-167.5,192.5,arc3_left,726
-162.5,192.5,arc3_left,779
-157.5,192.5,arc3_left,422
-152.5,192.5,arc3_left,232
-147.5,192.5,arc3_left,106
-142.5,192.5,arc3_left,37
-142.5,192.5,mid_center,1
-137.5,192.5,arc3_left,7
-137.5,192.5,mid_center,1
-132.5,192.5,mid_center,8
-127.5,192.5,mid_center,7
-122.5,192.5,mid_center,15
-117.5,192.5,mid_center,17
-112.5,192.5,mid_center,16
-107.5,192.5,mid_center,21
-102.5,192.5,mid_center,22
-97.5,192.5,mid_center,33
-92.5,192.5,mid_center,32
-87.5,192.5,mid_center,29
-82.5,192.5,mid_center,29
-77.5,192.5,mid_center,24
-72.5,192.5,mid_center,41
-67.5,192.5,mid_center,32
-62.5,192.5,mid_center,30
-57.5,192.5,mid_center,25
-52.5,192.5,mid_center,38
-47.5,192.5,mid_center,42
-42.5,192.5,mid_center,45
-37.5,192.5,mid_center,55
-32.5,192.5,mid_center,47
-27.5,192.5,mid_center,43
-22.5,192.5,mid_center,47
-17.5,192.5,mid_center,44
-12.5,192.5,mid_center,33
-7.5,192.5,mid_center,59
-2.5,192.5,mid_center,67
2.5,192.5,mid_center,77
7.5,192.5,mid_center,73
12.5,192.5,mid_center,60
17.5,192.5,mid_center,44
22.5,192.5,mid_center,47
27.5,192.5,mid_center,67
32.5,192.5,mid_center,41
37.5,192.5,mid_center,48
42.5,192.5,mid_center,47
47.5,192.5,mid_center,45
52.5,192.5,mid_center,36
57.5,192.5,mid_center,38
62.5,192.5,mid_center,30
67.5,192.5,mid_center,37
72.5,192.5,mid_center,35
77.5,192.5,mid_center,28
82.5,192.5,mid_center,25
87.5,192.5,mid_center,40
92.5,192.5,mid_center,32
97.5,192.5,mid_center,16
102.5,192.5,mid_center,19
107.5,192.5,mid_center,18
112.5,192.5,mid_center,24
117.5,192.5,mid_center,21
122.5,192.5,mid_center,11
127.5,192.5,mid_center,10
132.5,192.5,mid_center,10
137.5,192.5,mid_center,6
142.5,192.5,arc3_right,10
147.5,192.5,arc3_right,32
152.5,192.5,arc3_right,185
157.5,192.5,arc3_right,374
162.5,192.5,arc3_right,576
167.5,192.5,arc3_right,644
172.5,192.5,arc3_right,575
177.5,192.5,arc3_right,514
182.5,192.5,arc3_right,396
187.5,192.5,arc3_right,267
192.5,192.5,arc3_right,154
197.5,192.5,arc3_right,105
202.5,192.5,arc3_right,78
207.5,192.5,arc3_right,50
212.5,192.5,arc3_right,23
217.5,192.5,arc3_right,10
222.5,192.5,arc3_right,5
227.5,192.5,arc3_right,4
247.5,192.5,arc3_right,1
-242.5,197.5,arc3_left,1
-232.5,197.5,arc3_left,2
-227.5,197.5,arc3_left,3
-222.5,197.5,arc3_left,8
-217.5,197.5,arc3_left,14
-212.5,197.5,arc3_left,19
-207.5,197.5,arc3_left,41
-202.5,197.5,arc3_left,50
-197.5,197.5,arc3_left,94
-192.5,197.5,arc3_left,160
-187.5,197.5,arc3_left,248
-182.5,197.5,arc3_left,364
-177.5,197.5,arc3_left,461
-172.5,197.5,arc3_left,566
-167.5,197.5,arc3_left,736
-162.5,197.5,arc3_left,911
-157.5,197.5,arc3_left,590
-152.5,197.5,arc3_left,446
-147.5,197.5,arc3_left,320
-142.5,197.5,arc3_left,183
-137.5,197.5,arc3_left,70
-132.5,197.5,arc3_left,14
-132.5,197.5,mid_center,6
-127.5,197.5,mid_center,4
-122.5,197.5,mid_center,7
-117.5,197.5,mid_center,12
-112.5,197.5,mid_center,18
-107.5,197.5,mid_center,22
-102.5,197.5,mid_center,20
-97.5,197.5,mid_center,16
-92.5,197.5,mid_center,21
-87.5,197.5,mid_center,31
-82.5,197.5,mid_center,29
-77.5,197.5,mid_center,28
-72.5,197.5,mid_center,30
-67.5,197.5,mid_center,31
-62.5,197.5,mid_center,34
-57.5,197.5,mid_center,34
-52.5,197.5,mid_center,35
-47.5,197.5,mid_center,40
-42.5,197.5,mid_center,29
-37.5,197.5,mid_center,50
-32.5,197.5,mid_center,31
-27.5,197.5,mid_center,31
-22.5,197.5,mid_center,42
-17.5,197.5,mid_center,45
-12.5,197.5,mid_center,39
-7.5,197.5,mid_center,54
-2.5,197.5,mid_center,68
2.5,197.5,mid_center,73
7.5,197.5,mid_center,59
12.5,197.5,mid_center,43
17.5,197.5,mid_center,36
22.5,197.5,mid_center,38
27.5,197.5,mid_center,44
32.5,197.5,mid_center,37
37.5,197.5,mid_center,31
42.5,197.5,mid_center,37
47.5,197.5,mid_center,44
52.5,197.5,mid_center,24
57.5,197.5,mid_center,41
62.5,197.5,mid_center,35
67.5,197.5,mid_center,31
72.5,197.5,mid_center,32
77.5,197.5,mid_center,28
82.5,197.5,mid_center,26
87.5,197.5,mid_center,27
92.5,197.5,mid_center,21
97.5,197.5,mid_center,12
102.5,197.5,mid_center,16
107.5,197.5,mid_center,17
112.5,197.5,mid_center,25
117.5,197.5,mid_center,16
122.5,197.5,mid_center,7
127.5,197.5,mid_center,13
132.5,197.5,arc3_right,3
132.5,197.5,mid_center,5
137.5,197.5,arc3_right,17
142.5,197.5,arc3_right,77
147.5,197.5,arc3_right,176
152.5,197.5,arc3_right,467
157.5,197.5,arc3_right,553
162.5,197.5,arc3_right,746
167.5,197.5,arc3_right,689
172.5,197.5,arc3_right,510
177.5,197.5,arc3_right,424
182.5,197.5,arc3_right,298
187.5,197.5,arc3_right,230
192.5,197.5,arc3_right,144
197.5,197.5,arc3_right,89
202.5,197.5,arc3_right,68
207.5,197.5,arc3_right,34
212.5,197.5,arc3_right,18
217.5,197.5,arc3_right,10
222.5,197.5,arc3_right,6
227.5,197.5,arc3_right,4
232.5,197.5,arc3_right,1
237.5,197.5,arc3_right,1
-222.5,202.5,arc3_left,4
-217.5,202.5,arc3_left,7
-212.5,202.5,arc3_left,18
-207.5,202.5,arc3_left,34
-202.5,202.5,arc3_left,57
-197.5,202.5,arc3_left,69
-192.5,202.5,arc3_left,110
-187.5,202.5,arc3_left,183
-182.5,202.5,arc3_left,284
-177.5,202.5,arc3_left,331
-172.5,202.5,arc3_left,445
-167.5,202.5,arc3_left,582
-162.5,202.5,arc3_left,933
-157.5,202.5,arc3_left,720
-152.5,202.5,arc3_left,594
-147.5,202.5,arc3_left,483
-142.5,202.5,arc3_left,371
-137.5,202.5,arc3_left,241
-132.5,202.5,arc3_left,119
-127.5,202.5,arc3_left,33
-122.5,202.5,arc3_left,2
-122.5,202.5,mid_center,3
-117.5,202.5,mid_center,9
-112.5,202.5,mid_center,12
-107.5,202.5,mid_center,11
-102.5,202.5,mid_center,12
-97.5,202.5,mid_center,28
-92.5,202.5,mid_center,13
-87.5,202.5,mid_center,16
-82.5,202.5,mid_center,24
-77.5,202.5,mid_center,21
-72.5,202.5,mid_center,24
-67.5,202.5,mid_center,20
-62.5,202.5,mid_center,14
-57.5,202.5,mid_center,22
-52.5,202.5,mid_center,25
-47.5,202.5,mid_center,24
-42.5,202.5,mid_center,31
-37.5,202.5,mid_center,32
-32.5,202.5,mid_center,31
-27.5,202.5,mid_center,33
-22.5,202.5,mid_center,25
-17.5,202.5,mid_center,32
-12.5,202.5,mid_center,40
-7.5,202.5,mid_center,39
-2.5,202.5,mid_center,52
2.5,202.5,mid_center,50
7.5,202.5,mid_center,62
12.5,202.5,mid_center,38
17.5,202.5,mid_center,39
22.5,202.5,mid_center,36
27.5,202.5,mid_center,40
32.5,202.5,mid_center,24
37.5,202.5,mid_center,36
42.5,202.5,mid_center,21
47.5,202.5,mid_center,33
52.5,202.5,mid_center,29
57.5,202.5,mid_center,30
62.5,202.5,mid_center,30
67.5,202.5,mid_center,13
72.5,202.5,mid_center,21
77.5,202.5,mid_center,19
82.5,202.5,mid_center,13
87.5,202.5,mid_center,27
92.5,202.5,mid_center,22
97.5,202.5,mid_center,11
102.5,202.5,mid_center,12
107.5,202.5,mid_center,18
112.5,202.5,mid_center,17
117.5,202.5,mid_center,8
122.5,202.5,arc3_right,1
122.5,202.5,mid_center,3
127.5,202.5,arc3_right,6
127.5,202.5,mid_center,1
132.5,202.5,arc3_right,36
137.5,202.5,arc3_right,103
142.5,202.5,arc3_right,256
147.5,202.5,arc3_right,399
152.5,202.5,arc3_right,758
157.5,202.5,arc3_right,712
162.5,202.5,arc3_right,685
167.5,202.5,arc3_right,610
172.5,202.5,arc3_right,415
177.5,202.5,arc3_right,272
182.5,202.5,arc3_right,212
187.5,202.5,arc3_right,158
192.5,202.5,arc3_right,101
197.5,202.5,arc3_right,61
202.5,202.5,arc3_right,30
207.5,202.5,arc3_right,20
212.5,202.5,arc3_right,24
217.5,202.5,arc3_right,2
222.5,202.5,arc3_right,3
227.5,202.5,arc3_right,2
-232.5,207.5,arc3_left,1
-227.5,207.5,arc3_left,3
-222.5,207.5,arc3_left,8
-217.5,207.5,arc3_left,6
-212.5,207.5,arc3_left,27
-207.5,207.5,arc3_left,28
-202.5,207.5,arc3_left,39
-197.5,207.5,arc3_left,49
-192.5,207.5,arc3_left,83
-187.5,207.5,arc3_left,136
-182.5,207.5,arc3_left,190
-177.5,207.5,arc3_left,285
-172.5,207.5,arc3_left,371
-167.5,207.5,arc3_left,480
-162.5,207.5,arc3_left,896
-157.5,207.5,arc3_left,725
-152.5,207.5,arc3_left,728
-147.5,207.5,arc3_left,682
-142.5,207.5,arc3_left,563
-137.5,207.5,arc3_left,449
-132.5,207.5,arc3_left,292
-127.5,207.5,arc3_left,138
-122.5,207.5,arc3_left,53
-117.5,207.5,arc3_left,1
-117.5,207.5,arc3_top,13
-117.5,207.5,mid_center,2
-112.5,207.5,arc3_top,1
-112.5,207.5,mid_center,3
-107.5,207.5,mid_center,9
-102.5,207.5,mid_center,11
-97.5,207.5,mid_center,16
-92.5,207.5,mid_center,16
-87.5,207.5,mid_center,10
-82.5,207.5,mid_center,13
-77.5,207.5,mid_center,15
-72.5,207.5,mid_center,27
-67.5,207.5,mid_center,15
-62.5,207.5,mid_center,22
-57.5,207.5,mid_center,28
-52.5,207.5,mid_center,18
-47.5,207.5,mid_center,21
-42.5,207.5,mid_center,26
-37.5,207.5,mid_center,33
-32.5,207.5,mid_center,26
-27.5,207.5,mid_center,23
-22.5,207.5,mid_center,29
-17.5,207.5,mid_center,35
-12.5,207.5,mid_center,29
-7.5,207.5,mid_center,44
-2.5,207.5,mid_center,51
2.5,207.5,mid_center,52
7.5,207.5,mid_center,35
12.5,207.5,mid_center,32
17.5,207.5,mid_center,28
22.5,207.5,mid_center,27
27.5,207.5,mid_center,21
32.5,207.5,mid_center,22
37.5,207.5,mid_center,29
42.5,207.5,mid_center,25
47.5,207.5,mid_center,14
52.5,207.5,mid_center,14
57.5,207.5,mid_center,18
62.5,207.5,mid_center,15
67.5,207.5,mid_center,17
72.5,207.5,mid_center,19
77.5,207.5,mid_center,22
82.5,207.5,mid_center,12
87.5,207.5,mid_center,17
92.5,207.5,mid_center,18
97.5,207.5,mid_center,19
102.5,207.5,mid_center,12
107.5,207.5,mid_center,3
112.5,207.5,arc3_top,1
112.5,207.5,mid_center,3
117.5,207.5,arc3_top,5
117.5,207.5,mid_center,2
122.5,207.5,arc3_right,8
122.5,207.5,arc3_top,5
127.5,207.5,arc3_right,58
132.5,207.5,arc3_right,148
137.5,207.5,arc3_right,315
142.5,207.5,arc3_right,544
147.5,207.5,arc3_right,713
152.5,207.5,arc3_right,887
157.5,207.5,arc3_right,697
162.5,207.5,arc3_right,598
167.5,207.5,arc3_right,417
172.5,207.5,arc3_right,325
177.5,207.5,arc3_right,209
182.5,207.5,arc3_right,148
187.5,207.5,arc3_right,102
192.5,207.5,arc3_right,63
197.5,207.5,arc3_right,55
202.5,207.5,arc3_right,27
207.5,207.5,arc3_right,24
212.5,207.5,arc3_right,13
217.5,207.5,arc3_right,5
222.5,207.5,arc3_right,1
227.5,207.5,arc3_right,4
232.5,207.5,arc3_right,1
-227.5,212.5,arc3_left,3
-222.5,212.5,arc3_left,6
-217.5,212.5,arc3_left,5
-212.5,212.5,arc3_left,12
-207.5,212.5,arc3_left,14
-202.5,212.5,arc3_left,26
-197.5,212.5,arc3_left,35
-192.5,212.5,arc3_left,64
-187.5,212.5,arc3_left,95
-182.5,212.5,arc3_left,143
-177.5,212.5,arc3_left,191
-172.5,212.5,arc3_left,240
-167.5,212.5,arc3_left,356
-162.5,212.5,arc3_left,636
-157.5,212.5,arc3_left,596
-152.5,212.5,arc3_left,634
-147.5,212.5,arc3_left,716
-142.5,212.5,arc3_left,640
-137.5,212.5,arc3_left,602
-132.5,212.5,arc3_left,445
-127.5,212.5,arc3_left,318
-122.5,212.5,arc3_left,145
-122.5,212.5,arc3_top,65
-117.5,212.5,arc3_top,83
-112.5,212.5,arc3_top,40
-107.5,212.5,arc3_top,4
-107.5,212.5,mid_center,3
-102.5,212.5,arc3_top,1
-102.5,212.5,mid_center,9
-97.5,212.5,mid_center,11
-92.5,212.5,mid_center,12
-87.5,212.5,mid_center,18
-82.5,212.5,mid_center,13
-77.5,212.5,mid_center,12
-72.5,212.5,mid_center,14
-67.5,212.5,mid_center,16
-62.5,212.5,mid_center,17
-57.5,212.5,mid_center,11
-52.5,212.5,mid_center,18
-47.5,212.5,mid_center,14
-42.5,212.5,mid_center,11
-37.5,212.5,mid_center,21
-32.5,212.5,mid_center,17
-27.5,212.5,mid_center,20
-22.5,212.5,mid_center,23
-17.5,212.5,mid_center,29
-12.5,212.5,mid_center,23
-7.5,212.5,mid_center,21
-2.5,212.5,mid_center,38
2.5,212.5,mid_center,29
7.5,212.5,mid_center,34
12.5,212.5,mid_center,19
17.5,212.5,mid_center,20
22.5,212.5,mid_center,20
27.5,212.5,mid_center,25
32.5,212.5,mid_center,15
37.5,212.5,mid_center,19
42.5,212.5,mid_center,14
47.5,212.5,mid_center,19
52.5,212.5,mid_center,23
57.5,212.5,mid_center,15
62.5,212.5,mid_center,10
67.5,212.5,mid_center,8
72.5,212.5,mid_center,18
77.5,212.5,mid_center,8
82.5,212.5,mid_center,14
87.5,212.5,mid_center,24
92.5,212.5,mid_center,13
97.5,212.5,mid_center,3
102.5,212.5,arc3_top,1
102.5,212.5,mid_center,3
107.5,212.5,arc3_top,6
107.5,212.5,mid_center,3
112.5,212.5,arc3_top,12
117.5,212.5,arc3_top,36
122.5,212.5,arc3_right,56
122.5,212.5,arc3_top,53
127.5,212.5,arc3_right,218
132.5,212.5,arc3_right,370
137.5,212.5,arc3_right,573
142.5,212.5,arc3_right,694
147.5,212.5,arc3_right,681
152.5,212.5,arc3_right,786
157.5,212.5,arc3_right,570
162.5,212.5,arc3_right,451
167.5,212.5,arc3_right,319
172.5,212.5,arc3_right,216
177.5,212.5,arc3_right,145
182.5,212.5,arc3_right,111
187.5,212.5,arc3_right,76
192.5,212.5,arc3_right,53
197.5,212.5,arc3_right,29
202.5,212.5,arc3_right,23
207.5,212.5,arc3_right,18
212.5,212.5,arc3_right,8
217.5,212.5,arc3_right,4
222.5,212.5,arc3_right,1
-237.5,217.5,arc3_left,1
-227.5,217.5,arc3_left,2
-222.5,217.5,arc3_left,2
-217.5,217.5,arc3_left,8
-212.5,217.5,arc3_left,6
-207.5,217.5,arc3_left,7
-202.5,217.5,arc3_left,24
-197.5,217.5,arc3_left,34
-192.5,217.5,arc3_left,38
-187.5,217.5,arc3_left,66
-182.5,217.5,arc3_left,121
-177.5,217.5,arc3_left,114
-172.5,217.5,arc3_left,193
-167.5,217.5,arc3_left,281
-162.5,217.5,arc3_left,508
-157.5,217.5,arc3_left,461
-152.5,217.5,arc3_left,600
-147.5,217.5,arc3_left,612
-142.5,217.5,arc3_left,716
-137.5,217.5,arc3_left,725
-132.5,217.5,arc3_left,552
-127.5,217.5,arc3_left,542
-127.5,217.5,arc3_top,29
-122.5,217.5,arc3_left,50
-122.5,217.5,arc3_top,388
-117.5,217.5,arc3_top,291
-112.5,217.5,arc3_top,195
-107.5,217.5,arc3_top,64
-102.5,217.5,arc3_top,33
-97.5,217.5,arc3_top,9
-97.5,217.5,mid_center,4
-92.5,217.5,mid_center,5
-87.5,217.5,mid_center,5
-82.5,217.5,mid_center,8
-77.5,217.5,mid_center,6
-72.5,217.5,mid_center,9
-67.5,217.5,mid_center,14
-62.5,217.5,mid_center,11
-57.5,217.5,mid_center,9
-52.5,217.5,mid_center,17
-47.5,217.5,mid_center,23
-42.5,217.5,mid_center,12
-37.5,217.5,mid_center,20
-32.5,217.5,mid_center,18
-27.5,217.5,mid_center,6
-22.5,217.5,mid_center,18
-17.5,217.5,mid_center,22
-12.5,217.5,mid_center,21
-7.5,217.5,mid_center,12
-2.5,217.5,mid_center,36
2.5,217.5,mid_center,33
7.5,217.5,mid_center,27
12.5,217.5,mid_center,26
17.5,217.5,mid_center,15
22.5,217.5,mid_center,19
27.5,217.5,mid_center,19
32.5,217.5,mid_center,11
37.5,217.5,mid_center,16
42.5,217.5,mid_center,13
47.5,217.5,mid_center,12
52.5,217.5,mid_center,15
57.5,217.5,mid_center,12
62.5,217.5,mid_center,6
67.5,217.5,mid_center,13
72.5,217.5,mid_center,10
77.5,217.5,mid_center,16
82.5,217.5,mid_center,6
87.5,217.5,mid_center,6
92.5,217.5,arc3_top,1
92.5,217.5,mid_center,3
97.5,217.5,arc3_top,2
102.5,217.5,arc3_top,7
107.5,217.5,arc3_top,29
112.5,217.5,arc3_top,96
117.5,217.5,arc3_top,165
122.5,217.5,arc3_top,324
127.5,217.5,arc3_right,422
127.5,217.5,arc3_top,60
132.5,217.5,arc3_right,621
137.5,217.5,arc3_right,772
142.5,217.5,arc3_right,795
147.5,217.5,arc3_right,683
152.5,217.5,arc3_right,676
157.5,217.5,arc3_right,426
162.5,217.5,arc3_right,339
167.5,217.5,arc3_right,229
172.5,217.5,arc3_right,175
177.5,217.5,arc3_right,120
182.5,217.5,arc3_right,68
187.5,217.5,arc3_right,49
192.5,217.5,arc3_right,30
197.5,217.5,arc3_right,27
202.5,217.5,arc3_right,15
207.5,217.5,arc3_right,8
212.5,217.5,arc3_right,18
217.5,217.5,arc3_right,2
227.5,217.5,arc3_right,2
-227.5,222.5,arc3_left,1
-222.5,222.5,arc3_left,1
-217.5,222.5,arc3_left,5
-212.5,222.5,arc3_left,5
-207.5,222.5,arc3_left,13
-202.5,222.5,arc3_left,21
-197.5,222.5,arc3_left,27
-192.5,222.5,arc3_left,32
-187.5,222.5,arc3_left,61
-182.5,222.5,arc3_left,90
-177.5,222.5,arc3_left,129
-172.5,222.5,arc3_left,140
-167.5,222.5,arc3_left,200
-162.5,222.5,arc3_left,370
-157.5,222.5,arc3_left,367
-152.5,222.5,arc3_left,372
-147.5,222.5,arc3_left,550
-142.5,222.5,arc3_left,607
-137.5,222.5,arc3_left,700
-132.5,222.5,arc3_left,689
-127.5,222.5,arc3_left,291
-127.5,222.5,arc3_top,336
-122.5,222.5,arc3_top,576
-117.5,222.5,arc3_top,520
-112.5,222.5,arc3_top,397
-107.5,222.5,arc3_top,272
-102.5,222.5,arc3_top,195
-97.5,222.5,arc3_top,136
-92.5,222.5,arc3_top,39
-87.5,222.5,arc3_top,11
-82.5,222.5,arc3_top,1
-82.5,222.5,mid_center,3
-77.5,222.5,mid_center,6
-72.5,222.5,mid_center,4
-67.5,222.5,mid_center,7
-62.5,222.5,mid_center,4
-57.5,222.5,mid_center,14
-52.5,222.5,mid_center,13
-47.5,222.5,mid_center,10
-42.5,222.5,mid_center,15
-37.5,222.5,mid_center,16
-32.5,222.5,mid_center,10
-27.5,222.5,mid_center,13
-22.5,222.5,mid_center,19
-17.5,222.5,mid_center,13
-12.5,222.5,mid_center,17
-7.5,222.5,mid_center,18
-2.5,222.5,mid_center,19
2.5,222.5,mid_center,29
7.5,222.5,mid_center,16
12.5,222.5,mid_center,22
17.5,222.5,mid_center,12
22.5,222.5,mid_center,19
27.5,222.5,mid_center,13
32.5,222.5,mid_center,18
37.5,222.5,mid_center,9
42.5,222.5,mid_center,10
47.5,222.5,mid_center,10
52.5,222.5,mid_center,8
57.5,222.5,mid_center,11
62.5,222.5,mid_center,6
67.5,222.5,mid_center,9
72.5,222.5,mid_center,3
77.5,222.5,mid_center,7
82.5,222.5,arc3_top,1
82.5,222.5,mid_center,3
87.5,222.5,arc3_top,1
87.5,222.5,mid_center,1
92.5,222.5,arc3_top,14
97.5,222.5,arc3_top,39
102.5,222.5,arc3_top,86
107.5,222.5,arc3_top,171
112.5,222.5,arc3_top,298
117.5,222.5,arc3_top,496
122.5,222.5,arc3_top,633
127.5,222.5,arc3_right,171
127.5,222.5,arc3_top,543
132.5,222.5,arc3_right,775
137.5,222.5,arc3_right,734
142.5,222.5,arc3_right,708
147.5,222.5,arc3_right,562
152.5,222.5,arc3_right,547
157.5,222.5,arc3_right,332
162.5,222.5,arc3_right,268
167.5,222.5,arc3_right,173
172.5,222.5,arc3_right,147
177.5,222.5,arc3_right,102
182.5,222.5,arc3_right,73
187.5,222.5,arc3_right,47
192.5,222.5,arc3_right,30
197.5,222.5,arc3_right,20
202.5,222.5,arc3_right,11
207.5,222.5,arc3_right,16
212.5,222.5,arc3_right,7
217.5,222.5,arc3_right,4
222.5,222.5,arc3_right,1
227.5,222.5,arc3_right,1
-222.5,227.5,arc3_left,1
-217.5,227.5,arc3_left,1
-212.5,227.5,arc3_left,7
-207.5,227.5,arc3_left,9
-202.5,227.5,arc3_left,12
-197.5,227.5,arc3_left,14
-192.5,227.5,arc3_left,36
-187.5,227.5,arc3_left,41
-182.5,227.5,arc3_left,52
-177.5,227.5,arc3_left,95
-172.5,227.5,arc3_left,96
-167.5,227.5,arc3_left,149
-162.5,227.5,arc3_left,265
-157.5,227.5,arc3_left,280
-152.5,227.5,arc3_left,328
-147.5,227.5,arc3_left,404
-142.5,227.5,arc3_left,535
-137.5,227.5,arc3_left,614
-132.5,227.5,arc3_left,530
-132.5,227.5,arc3_top,92
-127.5,227.5,arc3_left,32
-127.5,227.5,arc3_top,553
-122.5,227.5,arc3_top,608
-117.5,227.5,arc3_top,574
-112.5,227.5,arc3_top,528
-107.5,227.5,arc3_top,441
-102.5,227.5,arc3_top,338
-97.5,227.5,arc3_top,344
-92.5,227.5,arc3_top,163
-87.5,227.5,arc3_top,112
-82.5,227.5,arc3_top,52
-77.5,227.5,arc3_top,24
-72.5,227.5,arc3_top,4
-72.5,227.5,mid_center,2
-62.5,227.5,arc3_top,2
-62.5,227.5,mid_center,4
-57.5,227.5,mid_center,4
-52.5,227.5,mid_center,8
-47.5,227.5,mid_center,8
-42.5,227.5,mid_center,7
-37.5,227.5,mid_center,10
-32.5,227.5,mid_center,15
-27.5,227.5,mid_center,20
-22.5,227.5,mid_center,11
-17.5,227.5,mid_center,3
-12.5,227.5,mid_center,17
-7.5,227.5,mid_center,18
-2.5,227.5,mid_center,19
2.5,227.5,mid_center,19
7.5,227.5,mid_center,9
12.5,227.5,mid_center,13
17.5,227.5,mid_center,17
22.5,227.5,mid_center,14
27.5,227.5,mid_center,13
32.5,227.5,mid_center,4
37.5,227.5,mid_center,10
42.5,227.5,mid_center,12
47.5,227.5,mid_center,10
52.5,227.5,mid_center,4
57.5,227.5,mid_center,8
62.5,227.5,arc3_top,1
62.5,227.5,mid_center,5
67.5,227.5,mid_center,4
72.5,227.5,arc3_top,3
72.5,227.5,mid_center,2
77.5,227.5,arc3_top,8
77.5,227.5,mid_center,1
82.5,227.5,arc3_top,25
87.5,227.5,arc3_top,75
92.5,227.5,arc3_top,116
97.5,227.5,arc3_top,187
102.5,227.5,arc3_top,280
107.5,227.5,arc3_top,385
112.5,227.5,arc3_top,619
117.5,227.5,arc3_top,721
122.5,227.5,arc3_top,773
127.5,227.5,arc3_top,763
132.5,227.5,arc3_right,450
132.5,227.5,arc3_top,213
137.5,227.5,arc3_right,605
142.5,227.5,arc3_right,553
147.5,227.5,arc3_right,424
152.5,227.5,arc3_right,355
157.5,227.5,arc3_right,227
162.5,227.5,arc3_right,180
167.5,227.5,arc3_right,108
172.5,227.5,arc3_right,73
177.5,227.5,arc3_right,58
182.5,227.5,arc3_right,48
187.5,227.5,arc3_right,38
192.5,227.5,arc3_right,14
197.5,227.5,arc3_right,13
202.5,227.5,arc3_right,12
207.5,227.5,arc3_right,13
212.5,227.5,arc3_right,5
217.5,227.5,arc3_right,4
222.5,227.5,arc3_right,1
-227.5,232.5,arc3_left,1
-217.5,232.5,arc3_left,5
-212.5,232.5,arc3_left,7
-207.5,232.5,arc3_left,6
-202.5,232.5,arc3_left,12
-197.5,232.5,arc3_left,14
-192.5,232.5,arc3_left,27
-187.5,232.5,arc3_left,46
-182.5,232.5,arc3_left,53
-177.5,232.5,arc3_left,68
-172.5,232.5,arc3_left,82
-167.5,232.5,arc3_left,136
-162.5,232.5,arc3_left,206
-157.5,232.5,arc3_left,211
-152.5,232.5,arc3_left,242
-147.5,232.5,arc3_left,315
-142.5,232.5,arc3_left,376
-137.5,232.5,arc3_left,479
-132.5,232.5,arc3_left,201
-132.5,232.5,arc3_top,326
-127.5,232.5,arc3_top,509
-122.5,232.5,arc3_top,587
-117.5,232.5,arc3_top,632
-112.5,232.5,arc3_top,579
-107.5,232.5,arc3_top,539
-102.5,232.5,arc3_top,459
-97.5,232.5,arc3_top,541
-92.5,232.5,arc3_top,358
-87.5,232.5,arc3_top,276
-82.5,232.5,arc3_top,177
-77.5,232.5,arc3_top,125
-72.5,232.5,arc3_top,75
-67.5,232.5,arc3_top,48
-62.5,232.5,arc3_top,26
-57.5,232.5,arc3_top,5
-57.5,232.5,mid_center,1
-52.5,232.5,arc3_top,2
-47.5,232.5,arc3_top,3
-47.5,232.5,mid_center,2
-42.5,232.5,mid_center,4
-37.5,232.5,mid_center,9
-32.5,232.5,mid_center,9
-27.5,232.5,mid_center,7
-22.5,232.5,mid_center,8
-17.5,232.5,mid_center,12
-12.5,232.5,mid_center,9
-7.5,232.5,mid_center,12
-2.5,232.5,mid_center,21
2.5,232.5,mid_center,23
7.5,232.5,mid_center,12
12.5,232.5,mid_center,13
17.5,232.5,mid_center,10
22.5,232.5,mid_center,6
27.5,232.5,mid_center,8
32.5,232.5,mid_center,8
37.5,232.5,mid_center,5
42.5,232.5,mid_center,6
47.5,232.5,arc3_top,2
47.5,232.5,mid_center,4
52.5,232.5,arc3_top,5
52.5,232.5,mid_center,2
57.5,232.5,arc3_top,6
57.5,232.5,mid_center,1
62.5,232.5,arc3_top,13
67.5,232.5,arc3_top,17
72.5,232.5,arc3_top,41
77.5,232.5,arc3_top,61
82.5,232.5,arc3_top,121
87.5,232.5,arc3_top,237
92.5,232.5,arc3_top,314
97.5,232.5,arc3_top,467
102.5,232.5,arc3_top,532
107.5,232.5,arc3_top,617
112.5,232.5,arc3_top,730
117.5,232.5,arc3_top,783
122.5,232.5,arc3_top,664
127.5,232.5,arc3_top,641
132.5,232.5,arc3_right,82
132.5,232.5,arc3_top,464
137.5,232.5,arc3_right,457
137.5,232.5,arc3_top,12
142.5,232.5,arc3_right,359
147.5,232.5,arc3_right,291
152.5,232.5,arc3_right,232
157.5,232.5,arc3_right,163
162.5,232.5,arc3_right,139
167.5,232.5,arc3_right,91
172.5,232.5,arc3_right,69
177.5,232.5,arc3_right,34
182.5,232.5,arc3_right,28
187.5,232.5,arc3_right,36
192.5,232.5,arc3_right,22
197.5,232.5,arc3_right,12
202.5,232.5,arc3_right,8
207.5,232.5,arc3_right,2
212.5,232.5,arc3_right,2
217.5,232.5,arc3_right,1
222.5,232.5,arc3_right,1
227.5,232.5,arc3_right,1
-227.5,237.5,arc3_left,2
-222.5,237.5,arc3_left,1
-217.5,237.5,arc3_left,3
-212.5,237.5,arc3_left,7
-207.5,237.5,arc3_left,7
-202.5,237.5,arc3_left,13
-197.5,237.5,arc3_left,13
-192.5,237.5,arc3_left,20
-187.5,237.5,arc3_left,33
-182.5,237.5,arc3_left,44
-177.5,237.5,arc3_left,59
-172.5,237.5,arc3_left,66
-167.5,237.5,arc3_left,82
-162.5,237.5,arc3_left,156
-157.5,237.5,arc3_left,176
-152.5,237.5,arc3_left,191
-147.5,237.5,arc3_left,245
-142.5,237.5,arc3_left,275
-137.5,237.5,arc3_left,254
-137.5,237.5,arc3_top,110
-132.5,237.5,arc3_top,438
-127.5,237.5,arc3_top,451
-122.5,237.5,arc3_top,501
-117.5,237.5,arc3_top,546
-112.5,237.5,arc3_top,575
-107.5,237.5,arc3_top,599
-102.5,237.5,arc3_top,560
-97.5,237.5,arc3_top,678
-92.5,237.5,arc3_top,473
-87.5,237.5,arc3_top,423
-82.5,237.5,arc3_top,323
-77.5,237.5,arc3_top,289
-72.5,237.5,arc3_top,239
-67.5,237.5,arc3_top,179
-62.5,237.5,arc3_top,108
-57.5,237.5,arc3_top,84
-52.5,237.5,arc3_top,45
-47.5,237.5,arc3_top,29
-42.5,237.5,arc3_top,31
-37.5,237.5,arc3_top,19
-32.5,237.5,arc3_top,8
-32.5,237.5,mid_center,1
-27.5,237.5,arc3_top,3
-27.5,237.5,mid_center,4
-22.5,237.5,arc3_top,3
-22.5,237.5,mid_center,3
-17.5,237.5,arc3_top,5
-17.5,237.5,mid_center,2
-12.5,237.5,mid_center,8
-7.5,237.5,mid_center,5
-2.5,237.5,arc3_top,3
-2.5,237.5,mid_center,6
2.5,237.5,arc3_top,6
2.5,237.5,mid_center,4
7.5,237.5,arc3_top,2
7.5,237.5,mid_center,7
12.5,237.5,arc3_top,2
12.5,237.5,mid_center,5
17.5,237.5,arc3_top,5
17.5,237.5,mid_center,4
22.5,237.5,arc3_top,7
22.5,237.5,mid_center,6
27.5,237.5,arc3_top,7
32.5,237.5,arc3_top,5
37.5,237.5,arc3_top,7
42.5,237.5,arc3_top,14
47.5,237.5,arc3_top,27
52.5,237.5,arc3_top,34
57.5,237.5,arc3_top,47
62.5,237.5,arc3_top,66
67.5,237.5,arc3_top,152
72.5,237.5,arc3_top,161
77.5,237.5,arc3_top,249
82.5,237.5,arc3_top,368
87.5,237.5,arc3_top,612
92.5,237.5,arc3_top,613
97.5,237.5,arc3_top,668
102.5,237.5,arc3_top,646
107.5,237.5,arc3_top,708
112.5,237.5,arc3_top,701
117.5,237.5,arc3_top,642
122.5,237.5,arc3_top,508
127.5,237.5,arc3_top,441
132.5,237.5,arc3_top,389
137.5,237.5,arc3_right,127
137.5,237.5,arc3_top,155
142.5,237.5,arc3_right,254
147.5,237.5,arc3_right,182
152.5,237.5,arc3_right,182
157.5,237.5,arc3_right,110
162.5,237.5,arc3_right,88
167.5,237.5,arc3_right,73
172.5,237.5,arc3_right,42
177.5,237.5,arc3_right,38
182.5,237.5,arc3_right,27
187.5,237.5,arc3_right,21
192.5,237.5,arc3_right,18
197.5,237.5,arc3_right,8
202.5,237.5,arc3_right,5
207.5,237.5,arc3_right,8
212.5,237.5,arc3_right,1
217.5,237.5,arc3_right,1
227.5,237.5,arc3_right,1
-217.5,242.5,arc3_left,1
-212.5,242.5,arc3_left,2
-207.5,242.5,arc3_left,3
-202.5,242.5,arc3_left,3
-197.5,242.5,arc3_left,11
-192.5,242.5,arc3_left,13
-187.5,242.5,arc3_left,25
-182.5,242.5,arc3_left,28
-177.5,242.5,arc3_left,27
-172.5,242.5,arc3_left,36
-167.5,242.5,arc3_left,62
-162.5,242.5,arc3_left,96
-157.5,242.5,arc3_left,75
-152.5,242.5,arc3_left,107
-147.5,242.5,arc3_left,123
-142.5,242.5,arc3_left,182
-137.5,242.5,arc3_left,25
-137.5,242.5,arc3_top,181
-132.5,242.5,arc3_top,245
-127.5,242.5,arc3_top,264
-122.5,242.5,arc3_top,306
-117.5,242.5,arc3_top,419
-112.5,242.5,arc3_top,440
-107.5,242.5,arc3_top,448
-102.5,242.5,arc3_top,503
-97.5,242.5,arc3_top,580
-92.5,242.5,arc3_top,451
-87.5,242.5,arc3_top,489
-82.5,242.5,arc3_top,459
-77.5,242.5,arc3_top,431
-72.5,242.5,arc3_top,388
-67.5,242.5,arc3_top,354
-62.5,242.5,arc3_top,294
-57.5,242.5,arc3_top,205
-52.5,242.5,arc3_top,177
-47.5,242.5,arc3_top,157
-42.5,242.5,arc3_top,149
-37.5,242.5,arc3_top,111
-32.5,242.5,arc3_top,81
-27.5,242.5,arc3_top,67
-22.5,242.5,arc3_top,61
-17.5,242.5,arc3_top,59
-12.5,242.5,arc3_top,36
-7.5,242.5,arc3_top,52
-2.5,242.5,arc3_top,42
2.5,242.5,arc3_top,69
7.5,242.5,arc3_top,58
12.5,242.5,arc3_top,46
17.5,242.5,arc3_top,60
22.5,242.5,arc3_top,52
27.5,242.5,arc3_top,88
32.5,242.5,arc3_top,63
37.5,242.5,arc3_top,64
42.5,242.5,arc3_top,109
47.5,242.5,arc3_top,131
52.5,242.5,arc3_top,161
57.5,242.5,arc3_top,203
62.5,242.5,arc3_top,252
67.5,242.5,arc3_top,298
72.5,242.5,arc3_top,397
77.5,242.5,arc3_top,422
82.5,242.5,arc3_top,490
87.5,242.5,arc3_top,739
92.5,242.5,arc3_top,638
97.5,242.5,arc3_top,554
102.5,242.5,arc3_top,514
107.5,242.5,arc3_top,531
112.5,242.5,arc3_top,481
117.5,242.5,arc3_top,447
122.5,242.5,arc3_top,332
127.5,242.5,arc3_top,285
132.5,242.5,arc3_top,253
137.5,242.5,arc3_top,184
142.5,242.5,arc3_right,150
142.5,242.5,arc3_top,22
147.5,242.5,arc3_right,119
152.5,242.5,arc3_right,108
157.5,242.5,arc3_right,72
162.5,242.5,arc3_right,62
167.5,242.5,arc3_right,41
172.5,242.5,arc3_right,27
177.5,242.5,arc3_right,28
182.5,242.5,arc3_right,16
187.5,242.5,arc3_right,16
192.5,242.5,arc3_right,12
197.5,242.5,arc3_right,3
202.5,242.5,arc3_right,5
207.5,242.5,arc3_right,4
212.5,242.5,arc3_right,6
217.5,242.5,arc3_right,2
222.5,242.5,arc3_right,1
-217.5,247.5,arc3_left,1
-212.5,247.5,arc3_left,2
-207.5,247.5,arc3_left,2
-202.5,247.5,arc3_left,4
-197.5,247.5,arc3_left,6
-192.5,247.5,arc3_left,16
-187.5,247.5,arc3_left,19
-182.5,247.5,arc3_left,23
-177.5,247.5,arc3_left,27
-172.5,247.5,arc3_left,27
-167.5,247.5,arc3_left,49
-162.5,247.5,arc3_left,79
-157.5,247.5,arc3_left,87
-152.5,247.5,arc3_left,77
-147.5,247.5,arc3_left,114
-142.5,247.5,arc3_left,48
-142.5,247.5,arc3_top,80
-137.5,247.5,arc3_top,151
-132.5,247.5,arc3_top,166
-127.5,247.5,arc3_top,196
-122.5,247.5,arc3_top,222
-117.5,247.5,arc3_top,288
-112.5,247.5,arc3_top,313
-107.5,247.5,arc3_top,336
-102.5,247.5,arc3_top,350
-97.5,247.5,arc3_top,521
-92.5,247.5,arc3_top,452
-87.5,247.5,arc3_top,466
-82.5,247.5,arc3_top,416
-77.5,247.5,arc3_top,422
-72.5,247.5,arc3_top,483
-67.5,247.5,arc3_top,416
-62.5,247.5,arc3_top,375
-57.5,247.5,arc3_top,334
-52.5,247.5,arc3_top,376
-47.5,247.5,arc3_top,343
-42.5,247.5,arc3_top,312
-37.5,247.5,arc3_top,334
-32.5,247.5,arc3_top,221
-27.5,247.5,arc3_top,229
-22.5,247.5,arc3_top,232
-17.5,247.5,arc3_top,231
-12.5,247.5,arc3_top,219
-7.5,247.5,arc3_top,202
-2.5,247.5,arc3_top,244
2.5,247.5,arc3_top,275
7.5,247.5,arc3_top,239
12.5,247.5,arc3_top,192
17.5,247.5,arc3_top,240
22.5,247.5,arc3_top,217
27.5,247.5,arc3_top,260
32.5,247.5,arc3_top,208
37.5,247.5,arc3_top,250
42.5,247.5,arc3_top,284
47.5,247.5,arc3_top,331
52.5,247.5,arc3_top,358
57.5,247.5,arc3_top,368
62.5,247.5,arc3_top,392
67.5,247.5,arc3_top,478
72.5,247.5,arc3_top,503
77.5,247.5,arc3_top,503
82.5,247.5,arc3_top,471
87.5,247.5,arc3_top,656
92.5,247.5,arc3_top,536
97.5,247.5,arc3_top,475
102.5,247.5,arc3_top,383
107.5,247.5,arc3_top,375
112.5,247.5,arc3_top,360
117.5,247.5,arc3_top,301
122.5,247.5,arc3_top,233
127.5,247.5,arc3_top,193
132.5,247.5,arc3_top,146
137.5,247.5,arc3_top,139
142.5,247.5,arc3_right,34
142.5,247.5,arc3_top,88
147.5,247.5,arc3_right,109
152.5,247.5,arc3_right,99
157.5,247.5,arc3_right,60
162.5,247.5,arc3_right,51
167.5,247.5,arc3_right,32
172.5,247.5,arc3_right,35
177.5,247.5,arc3_right,21
182.5,247.5,arc3_right,17
187.5,247.5,arc3_right,20
192.5,247.5,arc3_right,5
197.5,247.5,arc3_right,4
202.5,247.5,arc3_right,5
207.5,247.5,arc3_right,2
212.5,247.5,arc3_right,2
-232.5,252.5,arc3_left,1
-212.5,252.5,arc3_left,2
-207.5,252.5,arc3_left,3
-202.5,252.5,arc3_left,4
-197.5,252.5,arc3_left,5
-192.5,252.5,arc3_left,6
-187.5,252.5,arc3_left,11
-182.5,252.5,arc3_left,11
-177.5,252.5,arc3_left,19
-172.5,252.5,arc3_left,15
-167.5,252.5,arc3_left,44
-162.5,252.5,arc3_left,74
-157.5,252.5,arc3_left,46
-152.5,252.5,arc3_left,52
-147.5,252.5,arc3_left,73
-147.5,252.5,arc3_top,10
-142.5,252.5,arc3_left,8
-142.5,252.5,arc3_top,97
-137.5,252.5,arc3_top,126
-132.5,252.5,arc3_top,137
-127.5,252.5,arc3_top,153
-122.5,252.5,arc3_top,195
-117.5,252.5,arc3_top,236
-112.5,252.5,arc3_top,220
-107.5,252.5,arc3_top,278
-102.5,252.5,arc3_top,261
-97.5,252.5,arc3_top,377
-92.5,252.5,arc3_top,342
-87.5,252.5,arc3_top,363
-82.5,252.5,arc3_top,342
-77.5,252.5,arc3_top,355
-72.5,252.5,arc3_top,392
-67.5,252.5,arc3_top,400
-62.5,252.5,arc3_top,399
-57.5,252.5,arc3_top,363
-52.5,252.5,arc3_top,408
-47.5,252.5,arc3_top,394
-42.5,252.5,arc3_top,349
-37.5,252.5,arc3_top,485
-32.5,252.5,arc3_top,351
-27.5,252.5,arc3_top,381
-22.5,252.5,arc3_top,378
-17.5,252.5,arc3_top,453
-12.5,252.5,arc3_top,437
-7.5,252.5,arc3_top,475
-2.5,252.5,arc3_top,512
2.5,252.5,arc3_top,564
7.5,252.5,arc3_top,490
12.5,252.5,arc3_top,479
17.5,252.5,arc3_top,394
22.5,252.5,arc3_top,431
27.5,252.5,arc3_top,474
32.5,252.5,arc3_top,375
37.5,252.5,arc3_top,392
42.5,252.5,arc3_top,408
47.5,252.5,arc3_top,450
52.5,252.5,arc3_top,433
57.5,252.5,arc3_top,441
62.5,252.5,arc3_top,414
67.5,252.5,arc3_top,409
72.5,252.5,arc3_top,430
77.5,252.5,arc3_top,449
82.5,252.5,arc3_top,388
87.5,252.5,arc3_top,475
92.5,252.5,arc3_top,357
97.5,252.5,arc3_top,306
102.5,252.5,arc3_top,297
107.5,252.5,arc3_top,233
112.5,252.5,arc3_top,193
117.5,252.5,arc3_top,186
122.5,252.5,arc3_top,146
127.5,252.5,arc3_top,119
132.5,252.5,arc3_top,111
137.5,252.5,arc3_top,85
142.5,252.5,arc3_top,82
147.5,252.5,arc3_right,42
147.5,252.5,arc3_top,22
152.5,252.5,arc3_right,63
157.5,252.5,arc3_right,30
162.5,252.5,arc3_right,32
167.5,252.5,arc3_right,27
172.5,252.5,arc3_right,21
177.5,252.5,arc3_right,17
182.5,252.5,arc3_right,14
187.5,252.5,arc3_right,9
192.5,252.5,arc3_right,5
197.5,252.5,arc3_right,6
202.5,252.5,arc3_right,2
207.5,252.5,arc3_right,2
212.5,252.5,arc3_right,3
227.5,252.5,arc3_right,1
-227.5,257.5,arc3_left,1
-217.5,257.5,arc3_left,1
-212.5,257.5,arc3_left,1
-207.5,257.5,arc3_left,2
-202.5,257.5,arc3_left,3
-197.5,257.5,arc3_left,3
-192.5,257.5,arc3_left,8
-187.5,257.5,arc3_left,8
-182.5,257.5,arc3_left,17
-177.5,257.5,arc3_left,15
-172.5,257.5,arc3_left,23
-167.5,257.5,arc3_left,18
-162.5,257.5,arc3_left,33
-157.5,257.5,arc3_left,39
-152.5,257.5,arc3_left,48
-147.5,257.5,arc3_left,20
-147.5,257.5,arc3_top,33
-142.5,257.5,arc3_top,59
-137.5,257.5,arc3_top,91
-132.5,257.5,arc3_top,78
-127.5,257.5,arc3_top,99
-122.5,257.5,arc3_top,113
-117.5,257.5,arc3_top,119
-112.5,257.5,arc3_top,149
-107.5,257.5,arc3_top,145
-102.5,257.5,arc3_top,162
-97.5,257.5,arc3_top,256
-92.5,257.5,arc3_top,243
-87.5,257.5,arc3_top,267
-82.5,257.5,arc3_top,246
-77.5,257.5,arc3_top,280
-72.5,257.5,arc3_top,286
-67.5,257.5,arc3_top,333
-62.5,257.5,arc3_top,335
-57.5,257.5,arc3_top,367
-52.5,257.5,arc3_top,350
-47.5,257.5,arc3_top,329
-42.5,257.5,arc3_top,369
-37.5,257.5,arc3_top,466
-32.5,257.5,arc3_top,398
-27.5,257.5,arc3_top,428
-22.5,257.5,arc3_top,510
-17.5,257.5,arc3_top,547
-12.5,257.5,arc3_top,579
-7.5,257.5,arc3_top,593
-2.5,257.5,arc3_top,685
2.5,257.5,arc3_top,702
7.5,257.5,arc3_top,629
12.5,257.5,arc3_top,557
17.5,257.5,arc3_top,518
22.5,257.5,arc3_top,488
27.5,257.5,arc3_top,594
32.5,257.5,arc3_top,391
37.5,257.5,arc3_top,391
42.5,257.5,arc3_top,417
47.5,257.5,arc3_top,391
52.5,257.5,arc3_top,358
57.5,257.5,arc3_top,330
62.5,257.5,arc3_top,344
67.5,257.5,arc3_top,341
72.5,257.5,arc3_top,301
77.5,257.5,arc3_top,287
82.5,257.5,arc3_top,274
87.5,257.5,arc3_top,323
92.5,257.5,arc3_top,239
97.5,257.5,arc3_top,193
102.5,257.5,arc3_top,170
107.5,257.5,arc3_top,152
112.5,257.5,arc3_top,131
117.5,257.5,arc3_top,93
122.5,257.5,arc3_top,118
127.5,257.5,arc3_top,86
132.5,257.5,arc3_top,91
137.5,257.5,arc3_top,72
142.5,257.5,arc3_top,68
147.5,257.5,arc3_right,11
147.5,257.5,arc3_top,54
152.5,257.5,arc3_right,41
157.5,257.5,arc3_right,27
162.5,257.5,arc3_right,25
167.5,257.5,arc3_right,14
172.5,257.5,arc3_right,16
177.5,257.5,arc3_right,13
182.5,257.5,arc3_right,11
187.5,257.5,arc3_right,2
192.5,257.5,arc3_right,4
197.5,257.5,arc3_right,8
202.5,257.5,arc3_right,2
207.5,257.5,arc3_right,2
212.5,257.5,arc3_right,2
222.5,257.5,arc3_right,2
-222.5,262.5,arc3_left,1
-217.5,262.5,arc3_left,2
-212.5,262.5,arc3_left,1
-207.5,262.5,arc3_left,2
-202.5,262.5,arc3_left,2
-197.5,262.5,arc3_left,2
-192.5,262.5,arc3_left,5
-187.5,262.5,arc3_left,7
-182.5,262.5,arc3_left,14
-177.5,262.5,arc3_left,13
-172.5,262.5,arc3_left,8
-167.5,262.5,arc3_left,24
-162.5,262.5,arc3_left,26
-157.5,262.5,arc3_left,32
-152.5,262.5,arc3_left,23
-152.5,262.5,arc3_top,9
-147.5,262.5,arc3_top,37
-142.5,262.5,arc3_top,47
-137.5,262.5,arc3_top,54
-132.5,262.5,arc3_top,70
-127.5,262.5,arc3_top,76
-122.5,262.5,arc3_top,67
-117.5,262.5,arc3_top,92
-112.5,262.5,arc3_top,100
-107.5,262.5,arc3_top,103
-102.5,262.5,arc3_top,107
-97.5,262.5,arc3_top,168
-92.5,262.5,arc3_top,171
-87.5,262.5,arc3_top,159
-82.5,262.5,arc3_top,206
-77.5,262.5,arc3_top,194
-72.5,262.5,arc3_top,237
-67.5,262.5,arc3_top,240
-62.5,262.5,arc3_top,237
-57.5,262.5,arc3_top,239
-52.5,262.5,arc3_top,297
-47.5,262.5,arc3_top,281
-42.5,262.5,arc3_top,332
-37.5,262.5,arc3_top,448
-32.5,262.5,arc3_top,370
-27.5,262.5,arc3_top,417
-22.5,262.5,arc3_top,443
-17.5,262.5,arc3_top,485
-12.5,262.5,arc3_top,505
-7.5,262.5,arc3_top,582
-2.5,262.5,arc3_top,568
2.5,262.5,arc3_top,653
7.5,262.5,arc3_top,541
12.5,262.5,arc3_top,487
17.5,262.5,arc3_top,504
22.5,262.5,arc3_top,445
27.5,262.5,arc3_top,465
32.5,262.5,arc3_top,366
37.5,262.5,arc3_top,325
42.5,262.5,arc3_top,299
47.5,262.5,arc3_top,321
52.5,262.5,arc3_top,316
57.5,262.5,arc3_top,245
62.5,262.5,arc3_top,244
67.5,262.5,arc3_top,256
72.5,262.5,arc3_top,222
77.5,262.5,arc3_top,192
82.5,262.5,arc3_top,153
87.5,262.5,arc3_top,200
92.5,262.5,arc3_top,162
97.5,262.5,arc3_top,143
102.5,262.5,arc3_top,130
107.5,262.5,arc3_top,124
112.5,262.5,arc3_top,110
117.5,262.5,arc3_top,83
122.5,262.5,arc3_top,66
127.5,262.5,arc3_top,46
132.5,262.5,arc3_top,69
137.5,262.5,arc3_top,44
142.5,262.5,arc3_top,55
147.5,262.5,arc3_top,48
152.5,262.5,arc3_right,26
152.5,262.5,arc3_top,17
157.5,262.5,arc3_right,38
162.5,262.5,arc3_right,19
167.5,262.5,arc3_right,19
172.5,262.5,arc3_right,17
177.5,262.5,arc3_right,11
182.5,262.5,arc3_right,19
187.5,262.5,arc3_right,5
192.5,262.5,arc3_right,5
197.5,262.5,arc3_right,4
202.5,262.5,arc3_right,2
207.5,262.5,arc3_right,1
212.5,262.5,arc3_right,4
-207.5,267.5,arc3_left,1
-202.5,267.5,arc3_left,2
-197.5,267.5,arc3_left,3
-192.5,267.5,arc3_left,1
-187.5,267.5,arc3_left,7
-182.5,267.5,arc3_left,13
-177.5,267.5,arc3_left,10
-172.5,267.5,arc3_left,11
-167.5,267.5,arc3_left,14
-162.5,267.5,arc3_left,20
-157.5,267.5,arc3_left,23
-152.5,267.5,arc3_left,3
-152.5,267.5,arc3_top,25
-147.5,267.5,arc3_top,29
-142.5,267.5,arc3_top,41
-137.5,267.5,arc3_top,45
-132.5,267.5,arc3_top,44
-127.5,267.5,arc3_top,36
-122.5,267.5,arc3_top,54
-117.5,267.5,arc3_top,60
-112.5,267.5,arc3_top,62
-107.5,267.5,arc3_top,67
-102.5,267.5,arc3_top,79
-97.5,267.5,arc3_top,97
-92.5,267.5,arc3_top,108
-87.5,267.5,arc3_top,102
-82.5,267.5,arc3_top,109
-77.5,267.5,arc3_top,109
-72.5,267.5,arc3_top,125
-67.5,267.5,arc3_top,145
-62.5,267.5,arc3_top,148
-57.5,267.5,arc3_top,174
-52.5,267.5,arc3_top,176
-47.5,267.5,arc3_top,158
-42.5,267.5,arc3_top,204
-37.5,267.5,arc3_top,290
-32.5,267.5,arc3_top,247
-27.5,267.5,arc3_top,265
-22.5,267.5,arc3_top,302
-17.5,267.5,arc3_top,334
-12.5,267.5,arc3_top,340
-7.5,267.5,arc3_top,375
-2.5,267.5,arc3_top,394
2.5,267.5,arc3_top,414
7.5,267.5,arc3_top,378
12.5,267.5,arc3_top,331
17.5,267.5,arc3_top,325
22.5,267.5,arc3_top,295
27.5,267.5,arc3_top,287
32.5,267.5,arc3_top,217
37.5,267.5,arc3_top,188
42.5,267.5,arc3_top,196
47.5,267.5,arc3_top,180
52.5,267.5,arc3_top,169
57.5,267.5,arc3_top,154
62.5,267.5,arc3_top,149
67.5,267.5,arc3_top,155
72.5,267.5,arc3_top,147
77.5,267.5,arc3_top,120
82.5,267.5,arc3_top,97
87.5,267.5,arc3_top,111
92.5,267.5,arc3_top,96
97.5,267.5,arc3_top,92
102.5,267.5,arc3_top,88
107.5,267.5,arc3_top,69
112.5,267.5,arc3_top,59
117.5,267.5,arc3_top,55
122.5,267.5,arc3_top,50
127.5,267.5,arc3_top,40
132.5,267.5,arc3_top,36
137.5,267.5,arc3_top,37
142.5,267.5,arc3_top,28
147.5,267.5,arc3_top,20
152.5,267.5,arc3_right,2
152.5,267.5,arc3_top,30
157.5,267.5,arc3_right,14
162.5,267.5,arc3_right,17
167.5,267.5,arc3_right,18
172.5,267.5,arc3_right,14
177.5,267.5,arc3_right,13
182.5,267.5,arc3_right,10
187.5,267.5,arc3_right,7
192.5,267.5,arc3_right,4
197.5,267.5,arc3_right,2
202.5,267.5,arc3_right,1
207.5,267.5,arc3_right,2
217.5,267.5,arc3_right,1
232.5,267.5,arc3_right,1
-232.5,272.5,arc3_left,1
-207.5,272.5,arc3_left,2
-202.5,272.5,arc3_left,2
-197.5,272.5,arc3_left,1
-192.5,272.5,arc3_left,3
-187.5,272.5,arc3_left,8
-182.5,272.5,arc3_left,7
-177.5,272.5,arc3_left,8
-172.5,272.5,arc3_left,10
-167.5,272.5,arc3_left,11
-162.5,272.5,arc3_left,22
-157.5,272.5,arc3_left,9
-157.5,272.5,arc3_top,4
-152.5,272.5,arc3_top,21
-147.5,272.5,arc3_top,32
-142.5,272.5,arc3_top,30
-137.5,272.5,arc3_top,25
-132.5,272.5,arc3_top,37
-127.5,272.5,arc3_top,38
-122.5,272.5,arc3_top,31
-117.5,272.5,arc3_top,50
-112.5,272.5,arc3_top,62
-107.5,272.5,arc3_top,49
-102.5,272.5,arc3_top,37
-97.5,272.5,arc3_top,77
-92.5,272.5,arc3_top,83
-87.5,272.5,arc3_top,88
-82.5,272.5,arc3_top,72
-77.5,272.5,arc3_top,65
-72.5,272.5,arc3_top,84
-67.5,272.5,arc3_top,110
-62.5,272.5,arc3_top,106
-57.5,272.5,arc3_top,95
-52.5,272.5,arc3_top,104
-47.5,272.5,arc3_top,118
-42.5,272.5,arc3_top,136
-37.5,272.5,arc3_top,200
-32.5,272.5,arc3_top,146
-27.5,272.5,arc3_top,178
-22.5,272.5,arc3_top,217
-17.5,272.5,arc3_top,253
-12.5,272.5,arc3_top,225
-7.5,272.5,arc3_top,295
-2.5,272.5,arc3_top,283
2.5,272.5,arc3_top,247
7.5,272.5,arc3_top,250
12.5,272.5,arc3_top,217
17.5,272.5,arc3_top,183
22.5,272.5,arc3_top,203
27.5,272.5,arc3_top,203
32.5,272.5,arc3_top,129
37.5,272.5,arc3_top,125
42.5,272.5,arc3_top,143
47.5,272.5,arc3_top,125
52.5,272.5,arc3_top,105
57.5,272.5,arc3_top,106
62.5,272.5,arc3_top,94
67.5,272.5,arc3_top,92
72.5,272.5,arc3_top,74
77.5,272.5,arc3_top,75
82.5,272.5,arc3_top,76
87.5,272.5,arc3_top,86
92.5,272.5,arc3_top,61
97.5,272.5,arc3_top,45
102.5,272.5,arc3_top,53
107.5,272.5,arc3_top,33
112.5,272.5,arc3_top,42
117.5,272.5,arc3_top,45
122.5,272.5,arc3_top,40
127.5,272.5,arc3_top,23
132.5,272.5,arc3_top,19
137.5,272.5,arc3_top,24
142.5,272.5,arc3_top,23
147.5,272.5,arc3_top,19
152.5,272.5,arc3_top,20
157.5,272.5,arc3_right,3
157.5,272.5,arc3_top,10
162.5,272.5,arc3_right,12
167.5,272.5,arc3_right,6
172.5,272.5,arc3_right,6
177.5,272.5,arc3_right,6
182.5,272.5,arc3_right,8
187.5,272.5,arc3_right,4
192.5,272.5,arc3_right,3
197.5,272.5,arc3_right,4
202.5,272.5,arc3_right,1
207.5,272.5,arc3_right,1
212.5,272.5,arc3_right,1
217.5,272.5,arc3_right,2
222.5,272.5,arc3_right,1
-217.5,277.5,arc3_left,1
-212.5,277.5,arc3_left,2
-207.5,277.5,arc3_left,1
-202.5,277.5,arc3_left,3
-197.5,277.5,arc3_left,4
-192.5,277.5,arc3_left,4
-187.5,277.5,arc3_left,3
-182.5,277.5,arc3_left,7
-177.5,277.5,arc3_left,5
-172.5,277.5,arc3_left,5
-167.5,277.5,arc3_left,8
-162.5,277.5,arc3_left,16
-157.5,277.5,arc3_top,13
-152.5,277.5,arc3_top,13
-147.5,277.5,arc3_top,14
-142.5,277.5,arc3_top,18
-137.5,277.5,arc3_top,26
-132.5,277.5,arc3_top,28
-127.5,277.5,arc3_top,26
-122.5,277.5,arc3_top,36
-117.5,277.5,arc3_top,35
-112.5,277.5,arc3_top,40
-107.5,277.5,arc3_top,31
-102.5,277.5,arc3_top,45
-97.5,277.5,arc3_top,49
-92.5,277.5,arc3_top,50
-87.5,277.5,arc3_top,45
-82.5,277.5,arc3_top,48
-77.5,277.5,arc3_top,46
-72.5,277.5,arc3_top,69
-67.5,277.5,arc3_top,65
-62.5,277.5,arc3_top,74
-57.5,277.5,arc3_top,63
-52.5,277.5,arc3_top,73
-47.5,277.5,arc3_top,97
-42.5,277.5,arc3_top,93
-37.5,277.5,arc3_top,140
-32.5,277.5,arc3_top,93
-27.5,277.5,arc3_top,129
-22.5,277.5,arc3_top,135
-17.5,277.5,arc3_top,130
-12.5,277.5,arc3_top,161
-7.5,277.5,arc3_top,186
-2.5,277.5,arc3_top,194
2.5,277.5,arc3_top,191
7.5,277.5,arc3_top,183
12.5,277.5,arc3_top,136
17.5,277.5,arc3_top,122
22.5,277.5,arc3_top,113
27.5,277.5,arc3_top,122
32.5,277.5,arc3_top,98
37.5,277.5,arc3_top,95
42.5,277.5,arc3_top,80
47.5,277.5,arc3_top,81
52.5,277.5,arc3_top,63
57.5,277.5,arc3_top,73
62.5,277.5,arc3_top,67
67.5,277.5,arc3_top,64
72.5,277.5,arc3_top,54
77.5,277.5,arc3_top,43
82.5,277.5,arc3_top,53
87.5,277.5,arc3_top,66
92.5,277.5,arc3_top,48
97.5,277.5,arc3_top,40
102.5,277.5,arc3_top,29
107.5,277.5,arc3_top,27
112.5,277.5,arc3_top,39
117.5,277.5,arc3_top,30
122.5,277.5,arc3_top,26
127.5,277.5,arc3_top,21
132.5,277.5,arc3_top,13
137.5,277.5,arc3_top,25
142.5,277.5,arc3_top,13
147.5,277.5,arc3_top,20
152.5,277.5,arc3_top,16
157.5,277.5,arc3_top,11
162.5,277.5,arc3_right,10
167.5,277.5,arc3_right,7
172.5,277.5,arc3_right,10
177.5,277.5,arc3_right,9
182.5,277.5,arc3_right,4
187.5,277.5,arc3_right,4
192.5,277.5,arc3_right,3
197.5,277.5,arc3_right,2
212.5,277.5,arc3_right,1
217.5,277.5,arc3_right,1
-207.5,282.5,arc3_left,1
-202.5,282.5,arc3_left,4
-197.5,282.5,arc3_left,3
-192.5,282.5,arc3_left,1
-187.5,282.5,arc3_left,1
-182.5,282.5,arc3_left,4
-177.5,282.5,arc3_left,5
-172.5,282.5,arc3_left,8
-167.5,282.5,arc3_left,4
-162.5,282.5,arc3_left,4
-162.5,282.5,arc3_top,9
-157.5,282.5,arc3_top,14
-152.5,282.5,arc3_top,18
-147.5,282.5,arc3_top,14
-142.5,282.5,arc3_top,18
-137.5,282.5,arc3_top,19
-132.5,282.5,arc3_top,15
-127.5,282.5,arc3_top,25
-122.5,282.5,arc3_top,21
-117.5,282.5,arc3_top,16
-112.5,282.5,arc3_top,27
-107.5,282.5,arc3_top,37
-102.5,282.5,arc3_top,29
-97.5,282.5,arc3_top,38
-92.5,282.5,arc3_top,41
-87.5,282.5,arc3_top,29
-82.5,282.5,arc3_top,42
-77.5,282.5,arc3_top,34
-72.5,282.5,arc3_top,35
-67.5,282.5,arc3_top,42
-62.5,282.5,arc3_top,46
-57.5,282.5,arc3_top,35
-52.5,282.5,arc3_top,46
-47.5,282.5,arc3_top,45
-42.5,282.5,arc3_top,63
-37.5,282.5,arc3_top,80
-32.5,282.5,arc3_top,78
-27.5,282.5,arc3_top,93
-22.5,282.5,arc3_top,100
-17.5,282.5,arc3_top,93
-12.5,282.5,arc3_top,125
-7.5,282.5,arc3_top,98
-2.5,282.5,arc3_top,115
2.5,282.5,arc3_top,140
7.5,282.5,arc3_top,108
12.5,282.5,arc3_top,83
17.5,282.5,arc3_top,92
22.5,282.5,arc3_top,75
27.5,282.5,arc3_top,71
32.5,282.5,arc3_top,57
37.5,282.5,arc3_top,45
42.5,282.5,arc3_top,44
47.5,282.5,arc3_top,45
52.5,282.5,arc3_top,47
57.5,282.5,arc3_top,50
62.5,282.5,arc3_top,38
67.5,282.5,arc3_top,43
72.5,282.5,arc3_top,31
77.5,282.5,arc3_top,31
82.5,282.5,arc3_top,39
87.5,282.5,arc3_top,37
92.5,282.5,arc3_top,34
97.5,282.5,arc3_top,23
102.5,282.5,arc3_top,26
107.5,282.5,arc3_top,27
112.5,282.5,arc3_top,24
117.5,282.5,arc3_top,24
122.5,282.5,arc3_top,15
127.5,282.5,arc3_top,17
132.5,282.5,arc3_top,14
137.5,282.5,arc3_top,13
142.5,282.5,arc3_top,7
147.5,282.5,arc3_top,10
152.5,282.5,arc3_top,8
157.5,282.5,arc3_top,9
162.5,282.5,arc3_right,2
162.5,282.5,arc3_top,7
167.5,282.5,arc3_right,4
172.5,282.5,arc3_right,4
177.5,282.5,arc3_right,4
182.5,282.5,arc3_right,2
187.5,282.5,arc3_right,2
192.5,282.5,arc3_right,3
202.5,282.5,arc3_right,1
212.5,282.5,arc3_right,1
217.5,282.5,arc3_right,1
-217.5,287.5,arc3_left,1
-212.5,287.5,arc3_left,1
-207.5,287.5,arc3_left,1
-202.5,287.5,arc3_left,2
-197.5,287.5,arc3_left,1
-192.5,287.5,arc3_left,3
-187.5,287.5,arc3_left,2
-182.5,287.5,arc3_left,2
-177.5,287.5,arc3_left,1
-172.5,287.5,arc3_left,1
-167.5,287.5,arc3_left,4
-162.5,287.5,arc3_top,5
-157.5,287.5,arc3_top,5
-152.5,287.5,arc3_top,8
-147.5,287.5,arc3_top,11
-142.5,287.5,arc3_top,14
-137.5,287.5,arc3_top,8
-132.5,287.5,arc3_top,6
-127.5,287.5,arc3_top,13
-122.5,287.5,arc3_top,22
-117.5,287.5,arc3_top,18
-112.5,287.5,arc3_top,12
-107.5,287.5,arc3_top,10
-102.5,287.5,arc3_top,13
-97.5,287.5,arc3_top,24
-92.5,287.5,arc3_top,22
-87.5,287.5,arc3_top,26
-82.5,287.5,arc3_top,31
-77.5,287.5,arc3_top,24
-72.5,287.5,arc3_top,26
-67.5,287.5,arc3_top,27
-62.5,287.5,arc3_top,22
-57.5,287.5,arc3_top,28
-52.5,287.5,arc3_top,27
-47.5,287.5,arc3_top,38
-42.5,287.5,arc3_top,25
-37.5,287.5,arc3_top,54
-32.5,287.5,arc3_top,47
-27.5,287.5,arc3_top,45
-22.5,287.5,arc3_top,63
-17.5,287.5,arc3_top,50
-12.5,287.5,arc3_top,64
-7.5,287.5,arc3_top,72
-2.5,287.5,arc3_top,77
2.5,287.5,arc3_top,87
7.5,287.5,arc3_top,57
12.5,287.5,arc3_top,69
17.5,287.5,arc3_top,42
22.5,287.5,arc3_top,62
27.5,287.5,arc3_top,54
32.5,287.5,arc3_top,42
37.5,287.5,arc3_top,33
42.5,287.5,arc3_top,32
47.5,287.5,arc3_top,38
52.5,287.5,arc3_top,24
57.5,287.5,arc3_top,26
62.5,287.5,arc3_top,27
67.5,287.5,arc3_top,28
72.5,287.5,arc3_top,19
77.5,287.5,arc3_top,31
82.5,287.5,arc3_top,25
87.5,287.5,arc3_top,18
92.5,287.5,arc3_top,24
97.5,287.5,arc3_top,15
102.5,287.5,arc3_top,12
107.5,287.5,arc3_top,15
112.5,287.5,arc3_top,15
117.5,287.5,arc3_top,11
122.5,287.5,arc3_top,12
127.5,287.5,arc3_top,20
132.5,287.5,arc3_top,9
137.5,287.5,arc3_top,4
142.5,287.5,arc3_top,8
147.5,287.5,arc3_top,7
152.5,287.5,arc3_top,6
157.5,287.5,arc3_top,5
162.5,287.5,arc3_top,6
167.5,287.5,arc3_right,6
167.5,287.5,arc3_top,2
172.5,287.5,arc3_right,2
177.5,287.5,arc3_right,3
182.5,287.5,arc3_right,1
187.5,287.5,arc3_right,4
192.5,287.5,arc3_right,4
197.5,287.5,arc3_right,2
202.5,287.5,arc3_right,1
207.5,287.5,arc3_right,1
212.5,287.5,arc3_right,2
217.5,287.5,arc3_right,2
222.5,287.5,arc3_right,2
227.5,287.5,arc3_right,1
-212.5,292.5,arc3_left,2
-207.5,292.5,arc3_left,2
-197.5,292.5,arc3_left,3
-192.5,292.5,arc3_left,1
-187.5,292.5,arc3_left,1
-182.5,292.5,arc3_left,4
-172.5,292.5,arc3_left,5
-167.5,292.5,arc3_left,2
-167.5,292.5,arc3_top,3
-162.5,292.5,arc3_top,4
-157.5,292.5,arc3_top,7
-152.5,292.5,arc3_top,3
-147.5,292.5,arc3_top,7
-142.5,292.5,arc3_top,7
-137.5,292.5,arc3_top,9
-132.5,292.5,arc3_top,11
-127.5,292.5,arc3_top,6
-122.5,292.5,arc3_top,11
-117.5,292.5,arc3_top,10
-112.5,292.5,arc3_top,17
-107.5,292.5,arc3_top,8
-102.5,292.5,arc3_top,12
-97.5,292.5,arc3_top,19
-92.5,292.5,arc3_top,18
-87.5,292.5,arc3_top,22
-82.5,292.5,arc3_top,11
-77.5,292.5,arc3_top,21
-72.5,292.5,arc3_top,13
-67.5,292.5,arc3_top,15
-62.5,292.5,arc3_top,29
-57.5,292.5,arc3_top,27
-52.5,292.5,arc3_top,24
-47.5,292.5,arc3_top,24
-42.5,292.5,arc3_top,18
-37.5,292.5,arc3_top,23
-32.5,292.5,arc3_top,32
-27.5,292.5,arc3_top,25
-22.5,292.5,arc3_top,35
-17.5,292.5,arc3_top,44
-12.5,292.5,arc3_top,54
-7.5,292.5,arc3_top,60
-2.5,292.5,arc3_top,53
2.5,292.5,arc3_top,61
7.5,292.5,arc3_top,45
12.5,292.5,arc3_top,59
17.5,292.5,arc3_top,31
22.5,292.5,arc3_top,26
27.5,292.5,arc3_top,39
32.5,292.5,arc3_top,23
37.5,292.5,arc3_top,32
42.5,292.5,arc3_top,20
47.5,292.5,arc3_top,24
52.5,292.5,arc3_top,20
57.5,292.5,arc3_top,13
62.5,292.5,arc3_top,16
67.5,292.5,arc3_top,27
72.5,292.5,arc3_top,21
77.5,292.5,arc3_top,17
82.5,292.5,arc3_top,15
87.5,292.5,arc3_top,16
92.5,292.5,arc3_top,17
97.5,292.5,arc3_top,11
102.5,292.5,arc3_top,16
107.5,292.5,arc3_top,7
112.5,292.5,arc3_top,15
117.5,292.5,arc3_top,16
122.5,292.5,arc3_top,9
127.5,292.5,arc3_top,8
132.5,292.5,arc3_top,7
137.5,292.5,arc3_top,12
142.5,292.5,arc3_top,5
147.5,292.5,arc3_top,9
152.5,292.5,arc3_top,7
157.5,292.5,arc3_top,6
162.5,292.5,arc3_top,7
167.5,292.5,arc3_top,4
177.5,292.5,arc3_right,1
182.5,292.5,arc3_right,3
187.5,292.5,arc3_right,2
192.5,292.5,arc3_right,1
202.5,292.5,arc3_right,1
207.5,292.5,arc3_right,2
247.5,292.5,arc3_right,1
-212.5,297.5,arc3_left,1
-207.5,297.5,arc3_left,3
-197.5,297.5,arc3_left,1
-192.5,297.5,arc3_left,2
-187.5,297.5,arc3_left,2
-182.5,297.5,arc3_left,5
-177.5,297.5,arc3_left,2
-172.5,297.5,arc3_left,5
-167.5,297.5,arc3_top,4
-162.5,297.5,arc3_top,3
-157.5,297.5,arc3_top,2
-152.5,297.5,arc3_top,2
-147.5,297.5,arc3_top,4
-142.5,297.5,arc3_top,4
-137.5,297.5,arc3_top,7
-132.5,297.5,arc3_top,2
-127.5,297.5,arc3_top,7
-122.5,297.5,arc3_top,15
-117.5,297.5,arc3_top,9
-112.5,297.5,arc3_top,12
-107.5,297.5,arc3_top,13
-102.5,297.5,arc3_top,11
-97.5,297.5,arc3_top,14
-92.5,297.5,arc3_top,16
-87.5,297.5,arc3_top,14
-82.5,297.5,arc3_top,13
-77.5,297.5,arc3_top,5
-72.5,297.5,arc3_top,14
-67.5,297.5,arc3_top,11
-62.5,297.5,arc3_top,13
-57.5,297.5,arc3_top,12
-52.5,297.5,arc3_top,15
-47.5,297.5,arc3_top,14
-42.5,297.5,arc3_top,20
-37.5,297.5,arc3_top,28
-32.5,297.5,arc3_top,15
-27.5,297.5,arc3_top,24
-22.5,297.5,arc3_top,17
-17.5,297.5,arc3_top,38
-12.5,297.5,arc3_top,30
-7.5,297.5,arc3_top,40
-2.5,297.5,arc3_top,40
2.5,297.5,arc3_top,46
7.5,297.5,arc3_top,41
12.5,297.5,arc3_top,26
17.5,297.5,arc3_top,20
22.5,297.5,arc3_top,20
27.5,297.5,arc3_top,20
32.5,297.5,arc3_top,14
37.5,297.5,arc3_top,6
42.5,297.5,arc3_top,19
47.5,297.5,arc3_top,17
52.5,297.5,arc3_top,19
57.5,297.5,arc3_top,10
62.5,297.5,arc3_top,17
67.5,297.5,arc3_top,8
72.5,297.5,arc3_top,12
77.5,297.5,arc3_top,15
82.5,297.5,arc3_top,10
87.5,297.5,arc3_top,18
92.5,297.5,arc3_top,13
97.5,297.5,arc3_top,14
102.5,297.5,arc3_top,8
107.5,297.5,arc3_top,4
112.5,297.5,arc3_top,14
117.5,297.5,arc3_top,4
122.5,297.5,arc3_top,6
127.5,297.5,arc3_top,5
132.5,297.5,arc3_top,8
137.5,297.5,arc3_top,3
142.5,297.5,arc3_top,6
147.5,297.5,arc3_top,8
152.5,297.5,arc3_top,6
157.5,297.5,arc3_top,6
162.5,297.5,arc3_top,6
167.5,297.5,arc3_top,5
172.5,297.5,arc3_right,1
177.5,297.5,arc3_right,1
182.5,297.5,arc3_right,1
187.5,297.5,arc3_right,2
197.5,297.5,arc3_right,1
212.5,297.5,arc3_right,1
247.5,297.5,arc3_right,1
-197.5,302.5,arc3_left,2
-192.5,302.5,arc3_left,3
-187.5,302.5,arc3_left,4
-182.5,302.5,arc3_left,1
-177.5,302.5,arc3_left,4
-172.5,302.5,arc3_left,1
-172.5,302.5,arc3_top,3
-167.5,302.5,arc3_top,5
-162.5,302.5,arc3_top,3
-157.5,302.5,arc3_top,5
-152.5,302.5,arc3_top,3
-147.5,302.5,arc3_top,3
-142.5,302.5,arc3_top,10
-137.5,302.5,arc3_top,8
-132.5,302.5,arc3_top,4
-127.5,302.5,arc3_top,10
-122.5,302.5,arc3_top,7
-117.5,302.5,arc3_top,8
-112.5,302.5,arc3_top,2
-107.5,302.5,arc3_top,6
-102.5,302.5,arc3_top,5
-97.5,302.5,arc3_top,8
-92.5,302.5,arc3_top,10
-87.5,302.5,arc3_top,6
-82.5,302.5,arc3_top,4
-77.5,302.5,arc3_top,4
-72.5,302.5,arc3_top,8
-67.5,302.5,arc3_top,5
-62.5,302.5,arc3_top,14
-57.5,302.5,arc3_top,8
-52.5,302.5,arc3_top,19
-47.5,302.5,arc3_top,9
-42.5,302.5,arc3_top,16
-37.5,302.5,arc3_top,20
-32.5,302.5,arc3_top,24
-27.5,302.5,arc3_top,17
-22.5,302.5,arc3_top,27
-17.5,302.5,arc3_top,29
-12.5,302.5,arc3_top,28
-7.5,302.5,arc3_top,30
-2.5,302.5,arc3_top,33
2.5,302.5,arc3_top,26
7.5,302.5,arc3_top,24
12.5,302.5,arc3_top,26
17.5,302.5,arc3_top,21
22.5,302.5,arc3_top,20
27.5,302.5,arc3_top,15
32.5,302.5,arc3_top,13
37.5,302.5,arc3_top,16
42.5,302.5,arc3_top,11
47.5,302.5,arc3_top,7
52.5,302.5,arc3_top,6
57.5,302.5,arc3_top,7
62.5,302.5,arc3_top,14
67.5,302.5,arc3_top,7
72.5,302.5,arc3_top,14
77.5,302.5,arc3_top,8
82.5,302.5,arc3_top,8
87.5,302.5,arc3_top,9
92.5,302.5,arc3_top,8
97.5,302.5,arc3_top,2
102.5,302.5,arc3_top,6
107.5,302.5,arc3_top,3
112.5,302.5,arc3_top,7
117.5,302.5,arc3_top,7
122.5,302.5,arc3_top,9
127.5,302.5,arc3_top,5
132.5,302.5,arc3_top,7
137.5,302.5,arc3_top,6
142.5,302.5,arc3_top,6
147.5,302.5,arc3_top,2
152.5,302.5,arc3_top,6
157.5,302.5,arc3_top,4
162.5,302.5,arc3_top,4
167.5,302.5,arc3_top,4
172.5,302.5,arc3_top,1
177.5,302.5,arc3_right,2
182.5,302.5,arc3_right,1
187.5,302.5,arc3_right,2
192.5,302.5,arc3_right,3
202.5,302.5,arc3_right,2
207.5,302.5,arc3_right,1
217.5,302.5,arc3_right,1
-222.5,307.5,arc3_left,1
-207.5,307.5,arc3_left,1
-187.5,307.5,arc3_left,1
-182.5,307.5,arc3_left,1
-172.5,307.5,arc3_top,1
-167.5,307.5,arc3_top,1
-162.5,307.5,arc3_top,3
-157.5,307.5,arc3_top,5
-152.5,307.5,arc3_top,3
-147.5,307.5,arc3_top,2
-142.5,307.5,arc3_top,7
-137.5,307.5,arc3_top,5
-132.5,307.5,arc3_top,1
-127.5,307.5,arc3_top,4
-122.5,307.5,arc3_top,5
-117.5,307.5,arc3_top,6
-112.5,307.5,arc3_top,4
-107.5,307.5,arc3_top,4
-102.5,307.5,arc3_top,2
-97.5,307.5,arc3_top,4
-92.5,307.5,arc3_top,6
-87.5,307.5,arc3_top,4
-82.5,307.5,arc3_top,2
-77.5,307.5,arc3_top,2
-72.5,307.5,arc3_top,3
-67.5,307.5,arc3_top,6
-62.5,307.5,arc3_top,8
-57.5,307.5,arc3_top,10
-52.5,307.5,arc3_top,4
-47.5,307.5,arc3_top,4
-42.5,307.5,arc3_top,7
-37.5,307.5,arc3_top,6
-32.5,307.5,arc3_top,8
-27.5,307.5,arc3_top,6
-22.5,307.5,arc3_top,12
-17.5,307.5,arc3_top,20
-12.5,307.5,arc3_top,15
-7.5,307.5,arc3_top,19
-2.5,307.5,arc3_top,21
2.5,307.5,arc3_top,23
7.5,307.5,arc3_top,26
12.5,307.5,arc3_top,15
17.5,307.5,arc3_top,28
22.5,307.5,arc3_top,11
27.5,307.5,arc3_top,17
32.5,307.5,arc3_top,8
37.5,307.5,arc3_top,10
42.5,307.5,arc3_top,8
47.5,307.5,arc3_top,11
52.5,307.5,arc3_top,7
57.5,307.5,arc3_top,4
62.5,307.5,arc3_top,10
67.5,307.5,arc3_top,14
72.5,307.5,arc3_top,8
77.5,307.5,arc3_top,5
82.5,307.5,arc3_top,6
87.5,307.5,arc3_top,6
92.5,307.5,arc3_top,8
97.5,307.5,arc3_top,5
102.5,307.5,arc3_top,4
107.5,307.5,arc3_top,7
112.5,307.5,arc3_top,5
117.5,307.5,arc3_top,3
122.5,307.5,arc3_top,7
127.5,307.5,arc3_top,2
132.5,307.5,arc3_top,1
137.5,307.5,arc3_top,4
142.5,307.5,arc3_top,5
147.5,307.5,arc3_top,3
152.5,307.5,arc3_top,5
157.5,307.5,arc3_top,4
162.5,307.5,arc3_top,3
167.5,307.5,arc3_top,3
172.5,307.5,arc3_top,2
177.5,307.5,arc3_right,1
177.5,307.5,arc3_top,3
182.5,307.5,arc3_right,2
187.5,307.5,arc3_right,5
192.5,307.5,arc3_right,1
197.5,307.5,arc3_right,1
212.5,307.5,arc3_right,2
217.5,307.5,arc3_right,1
-207.5,312.5,arc3_left,1
-202.5,312.5,arc3_left,1
-197.5,312.5,arc3_left,3
-192.5,312.5,arc3_left,2
-187.5,312.5,arc3_left,1
-182.5,312.5,arc3_left,1
-177.5,312.5,arc3_left,1
-177.5,312.5,arc3_top,2
-172.5,312.5,arc3_top,3
-167.5,312.5,arc3_top,3
-157.5,312.5,arc3_top,3
-152.5,312.5,arc3_top,2
-147.5,312.5,arc3_top,3
-142.5,312.5,arc3_top,4
-137.5,312.5,arc3_top,4
-132.5,312.5,arc3_top,3
-127.5,312.5,arc3_top,4
-122.5,312.5,arc3_top,1
-117.5,312.5,arc3_top,3
-112.5,312.5,arc3_top,3
-107.5,312.5,arc3_top,4
-102.5,312.5,arc3_top,4
-97.5,312.5,arc3_top,4
-92.5,312.5,arc3_top,6
-87.5,312.5,arc3_top,5
-82.5,312.5,arc3_top,5
-77.5,312.5,arc3_top,3
-72.5,312.5,arc3_top,4
-67.5,312.5,arc3_top,6
-62.5,312.5,arc3_top,5
-57.5,312.5,arc3_top,4
-52.5,312.5,arc3_top,8
-47.5,312.5,arc3_top,8
-42.5,312.5,arc3_top,5
-37.5,312.5,arc3_top,6
-32.5,312.5,arc3_top,12
-27.5,312.5,arc3_top,10
-22.5,312.5,arc3_top,6
-17.5,312.5,arc3_top,9
-12.5,312.5,arc3_top,13
-7.5,312.5,arc3_top,22
-2.5,312.5,arc3_top,14
2.5,312.5,arc3_top,15
7.5,312.5,arc3_top,12
12.5,312.5,arc3_top,17
17.5,312.5,arc3_top,9
22.5,312.5,arc3_top,4
27.5,312.5,arc3_top,7
32.5,312.5,arc3_top,4
37.5,312.5,arc3_top,3
42.5,312.5,arc3_top,3
47.5,312.5,arc3_top,3
52.5,312.5,arc3_top,6
57.5,312.5,arc3_top,9
62.5,312.5,arc3_top,2
67.5,312.5,arc3_top,6
72.5,312.5,arc3_top,4
77.5,312.5,arc3_top,4
82.5,312.5,arc3_top,5
87.5,312.5,arc3_top,9
92.5,312.5,arc3_top,3
97.5,312.5,arc3_top,4
102.5,312.5,arc3_top,2
107.5,312.5,arc3_top,2
112.5,312.5,arc3_top,1
117.5,312.5,arc3_top,3
122.5,312.5,arc3_top,2
127.5,312.5,arc3_top,3
132.5,312.5,arc3_top,6
137.5,312.5,arc3_top,1
142.5,312.5,arc3_top,4
152.5,312.5,arc3_top,2
157.5,312.5,arc3_top,5
162.5,312.5,arc3_top,1
167.5,312.5,arc3_top,2
172.5,312.5,arc3_top,2
177.5,312.5,arc3_top,2
182.5,312.5,arc3_right,2
187.5,312.5,arc3_right,1
197.5,312.5,arc3_right,1
212.5,312.5,arc3_right,1
217.5,312.5,arc3_right,1
222.5,312.5,arc3_right,1
-212.5,317.5,arc3_left,1
-207.5,317.5,arc3_left,2
-202.5,317.5,arc3_left,1
-197.5,317.5,arc3_left,1
-182.5,317.5,arc3_left,2
-182.5,317.5,arc3_top,2
-177.5,317.5,arc3_top,1
-172.5,317.5,arc3_top,1
-167.5,317.5,arc3_top,1
-162.5,317.5,arc3_top,3
-157.5,317.5,arc3_top,3
-152.5,317.5,arc3_top,1
-147.5,317.5,arc3_top,2
-142.5,317.5,arc3_top,3
-137.5,317.5,arc3_top,1
-132.5,317.5,arc3_top,1
-127.5,317.5,arc3_top,4
-122.5,317.5,arc3_top,5
-117.5,317.5,arc3_top,2
-112.5,317.5,arc3_top,2
-107.5,317.5,arc3_top,2
-102.5,317.5,arc3_top,4
-97.5,317.5,arc3_top,4
-92.5,317.5,arc3_top,3
-87.5,317.5,arc3_top,3
-82.5,317.5,arc3_top,2
-77.5,317.5,arc3_top,3
-72.5,317.5,arc3_top,3
-67.5,317.5,arc3_top,6
-62.5,317.5,arc3_top,3
-57.5,317.5,arc3_top,8
-52.5,317.5,arc3_top,3
-47.5,317.5,arc3_top,6
-42.5,317.5,arc3_top,2
-37.5,317.5,arc3_top,5
-27.5,317.5,arc3_top,11
-22.5,317.5,arc3_top,6
-17.5,317.5,arc3_top,11
-12.5,317.5,arc3_top,11
-7.5,317.5,arc3_top,20
-2.5,317.5,arc3_top,18
2.5,317.5,arc3_top,28
7.5,317.5,arc3_top,7
12.5,317.5,arc3_top,8
17.5,317.5,arc3_top,6
22.5,317.5,arc3_top,5
27.5,317.5,arc3_top,8
32.5,317.5,arc3_top,2
37.5,317.5,arc3_top,4
42.5,317.5,arc3_top,4
47.5,317.5,arc3_top,5
52.5,317.5,arc3_top,3
57.5,317.5,arc3_top,2
62.5,317.5,arc3_top,2
67.5,317.5,arc3_top,6
72.5,317.5,arc3_top,2
77.5,317.5,arc3_top,3
82.5,317.5,arc3_top,4
87.5,317.5,arc3_top,4
92.5,317.5,arc3_top,5
97.5,317.5,arc3_top,5
102.5,317.5,arc3_top,5
107.5,317.5,arc3_top,2
117.5,317.5,arc3_top,3
122.5,317.5,arc3_top,1
127.5,317.5,arc3_top,5
132.5,317.5,arc3_top,1
137.5,317.5,arc3_top,5
147.5,317.5,arc3_top,2
152.5,317.5,arc3_top,1
157.5,317.5,arc3_top,1
162.5,317.5,arc3_top,4
172.5,317.5,arc3_top,3
187.5,317.5,arc3_right,2
197.5,317.5,arc3_right,1
217.5,317.5,arc3_right,1
-207.5,322.5,arc3_left,2
-202.5,322.5,arc3_left,2
-182.5,322.5,arc3_top,2
-177.5,322.5,arc3_top,1
-172.5,322.5,arc3_top,1
-167.5,322.5,arc3_top,1
-162.5,322.5,arc3_top,2
-157.5,322.5,arc3_top,2
-147.5,322.5,arc3_top,3
-142.5,322.5,arc3_top,1
-137.5,322.5,arc3_top,2
-132.5,322.5,arc3_top,5
-127.5,322.5,arc3_top,2
-122.5,322.5,arc3_top,1
-117.5,322.5,arc3_top,5
-112.5,322.5,arc3_top,1
-107.5,322.5,arc3_top,1
-102.5,322.5,arc3_top,1
-97.5,322.5,arc3_top,3
-92.5,322.5,arc3_top,1
-87.5,322.5,arc3_top,2
-82.5,322.5,arc3_top,4
-77.5,322.5,arc3_top,4
-72.5,322.5,arc3_top,1
-67.5,322.5,arc3_top,6
-62.5,322.5,arc3_top,5
-57.5,322.5,arc3_top,3
-52.5,322.5,arc3_top,2
-47.5,322.5,arc3_top,3
-42.5,322.5,arc3_top,1
-37.5,322.5,arc3_top,4
-32.5,322.5,arc3_top,3
-27.5,322.5,arc3_top,2
-22.5,322.5,arc3_top,5
-17.5,322.5,arc3_top,4
-12.5,322.5,arc3_top,4
-7.5,322.5,arc3_top,13
-2.5,322.5,arc3_top,8
2.5,322.5,arc3_top,14
7.5,322.5,arc3_top,11
12.5,322.5,arc3_top,6
17.5,322.5,arc3_top,2
22.5,322.5,arc3_top,3
27.5,322.5,arc3_top,3
32.5,322.5,arc3_top,4
37.5,322.5,arc3_top,3
42.5,322.5,arc3_top,3
47.5,322.5,arc3_top,4
52.5,322.5,arc3_top,2
62.5,322.5,arc3_top,1
67.5,322.5,arc3_top,4
77.5,322.5,arc3_top,3
82.5,322.5,arc3_top,4
87.5,322.5,arc3_top,5
92.5,322.5,arc3_top,1
97.5,322.5,arc3_top,3
102.5,322.5,arc3_top,1
107.5,322.5,arc3_top,3
112.5,322.5,arc3_top,4
122.5,322.5,arc3_top,3
127.5,322.5,arc3_top,2
132.5,322.5,arc3_top,2
142.5,322.5,arc3_top,1
147.5,322.5,arc3_top,2
152.5,322.5,arc3_top,1
162.5,322.5,arc3_top,1
167.5,322.5,arc3_top,4
172.5,322.5,arc3_top,1
177.5,322.5,arc3_top,1
182.5,322.5,arc3_top,3
187.5,322.5,arc3_right,1
197.5,322.5,arc3_right,1
207.5,322.5,arc3_right,1
212.5,322.5,arc3_right,1
217.5,322.5,arc3_right,1
-222.5,327.5,arc3_left,1
-202.5,327.5,arc3_left,2
-192.5,327.5,arc3_left,2
-177.5,327.5,arc3_top,1
-167.5,327.5,arc3_top,4
-162.5,327.5,arc3_top,2
-157.5,327.5,arc3_top,2
-152.5,327.5,arc3_top,1
-142.5,327.5,arc3_top,2
-137.5,327.5,arc3_top,3
-127.5,327.5,arc3_top,3
-122.5,327.5,arc3_top,2
-117.5,327.5,arc3_top,4
-112.5,327.5,arc3_top,1
-107.5,327.5,arc3_top,1
-102.5,327.5,arc3_top,2
-97.5,327.5,arc3_top,2
-92.5,327.5,arc3_top,2
-87.5,327.5,arc3_top,3
-82.5,327.5,arc3_top,1
-77.5,327.5,arc3_top,3
-72.5,327.5,arc3_top,3
-67.5,327.5,arc3_top,2
-62.5,327.5,arc3_top,2
-57.5,327.5,arc3_top,5
-52.5,327.5,arc3_top,3
-42.5,327.5,arc3_top,3
-37.5,327.5,arc3_top,4
-27.5,327.5,arc3_top,1
-22.5,327.5,arc3_top,4
-17.5,327.5,arc3_top,7
-12.5,327.5,arc3_top,9
-7.5,327.5,arc3_top,3
-2.5,327.5,arc3_top,9
2.5,327.5,arc3_top,7
7.5,327.5,arc3_top,6
12.5,327.5,arc3_top,6
17.5,327.5,arc3_top,5
22.5,327.5,arc3_top,2
27.5,327.5,arc3_top,2
32.5,327.5,arc3_top,4
42.5,327.5,arc3_top,2
47.5,327.5,arc3_top,2
52.5,327.5,arc3_top,4
57.5,327.5,arc3_top,1
67.5,327.5,arc3_top,1
72.5,327.5,arc3_top,2
77.5,327.5,arc3_top,2
82.5,327.5,arc3_top,5
87.5,327.5,arc3_top,4
92.5,327.5,arc3_top,1
97.5,327.5,arc3_top,2
102.5,327.5,arc3_top,4
107.5,327.5,arc3_top,1
112.5,327.5,arc3_top,2
117.5,327.5,arc3_top,2
122.5,327.5,arc3_top,1
127.5,327.5,arc3_top,5
132.5,327.5,arc3_top,1
137.5,327.5,arc3_top,1
142.5,327.5,arc3_top,1
152.5,327.5,arc3_top,1
157.5,327.5,arc3_top,1
162.5,327.5,arc3_top,1
172.5,327.5,arc3_top,2
182.5,327.5,arc3_top,1
192.5,327.5,arc3_right,1
197.5,327.5,arc3_right,1
-217.5,332.5,arc3_left,1
-212.5,332.5,arc3_left,1
-202.5,332.5,arc3_left,1
-197.5,332.5,arc3_left,2
-192.5,332.5,arc3_top,1
-187.5,332.5,arc3_top,2
-182.5,332.5,arc3_top,2
-167.5,332.5,arc3_top,3
-152.5,332.5,arc3_top,4
-142.5,332.5,arc3_top,3
-127.5,332.5,arc3_top,5
-107.5,332.5,arc3_top,1
-102.5,332.5,arc3_top,1
-97.5,332.5,arc3_top,3
-92.5,332.5,arc3_top,1
-87.5,332.5,arc3_top,2
-82.5,332.5,arc3_top,1
-77.5,332.5,arc3_top,1
-72.5,332.5,arc3_top,3
-67.5,332.5,arc3_top,2
-62.5,332.5,arc3_top,1
-57.5,332.5,arc3_top,4
-52.5,332.5,arc3_top,1
-47.5,332.5,arc3_top,2
-42.5,332.5,arc3_top,2
-32.5,332.5,arc3_top,3
-27.5,332.5,arc3_top,3
-22.5,332.5,arc3_top,4
-17.5,332.5,arc3_top,2
-12.5,332.5,arc3_top,1
-7.5,332.5,arc3_top,7
-2.5,332.5,arc3_top,3
2.5,332.5,arc3_top,12
7.5,332.5,arc3_top,8
12.5,332.5,arc3_top,3
17.5,332.5,arc3_top,2
22.5,332.5,arc3_top,3
27.5,332.5,arc3_top,4
32.5,332.5,arc3_top,2
37.5,332.5,arc3_top,2
42.5,332.5,arc3_top,3
47.5,332.5,arc3_top,3
52.5,332.5,arc3_top,2
57.5,332.5,arc3_top,2
62.5,332.5,arc3_top,2
67.5,332.5,arc3_top,3
72.5,332.5,arc3_top,3
77.5,332.5,arc3_top,2
82.5,332.5,arc3_top,3
87.5,332.5,arc3_top,1
92.5,332.5,arc3_top,2
97.5,332.5,arc3_top,2
102.5,332.5,arc3_top,2
112.5,332.5,arc3_top,1
117.5,332.5,arc3_top,2
122.5,332.5,arc3_top,1
127.5,332.5,arc3_top,1
142.5,332.5,arc3_top,3
147.5,332.5,arc3_top,1
152.5,332.5,arc3_top,1
157.5,332.5,arc3_top,1
162.5,332.5,arc3_top,2
192.5,332.5,arc3_right,1
197.5,332.5,arc3_right,1
202.5,332.5,arc3_right,2
217.5,332.5,arc3_right,1
-212.5,337.5,arc3_left,1
-207.5,337.5,arc3_left,1
-197.5,337.5,arc3_left,1
-187.5,337.5,arc3_top,1
-182.5,337.5,arc3_top,1
-177.5,337.5,arc3_top,1
-172.5,337.5,arc3_top,1
-167.5,337.5,arc3_top,5
-157.5,337.5,arc3_top,4
-137.5,337.5,arc3_top,1
-132.5,337.5,arc3_top,1
-122.5,337.5,arc3_top,1
-117.5,337.5,arc3_top,3
-107.5,337.5,arc3_top,2
-102.5,337.5,arc3_top,1
-97.5,337.5,arc3_top,2
-92.5,337.5,arc3_top,1
-87.5,337.5,arc3_top,4
-82.5,337.5,arc3_top,1
-72.5,337.5,arc3_top,1
-62.5,337.5,arc3_top,3
-57.5,337.5,arc3_top,2
-52.5,337.5,arc3_top,2
-47.5,337.5,arc3_top,1
-37.5,337.5,arc3_top,1
-32.5,337.5,arc3_top,1
-27.5,337.5,arc3_top,2
-22.5,337.5,arc3_top,1
-17.5,337.5,arc3_top,5
-12.5,337.5,arc3_top,2
-7.5,337.5,arc3_top,6
-2.5,337.5,arc3_top,8
2.5,337.5,arc3_top,5
7.5,337.5,arc3_top,3
12.5,337.5,arc3_top,4
17.5,337.5,arc3_top,2
22.5,337.5,arc3_top,3
27.5,337.5,arc3_top,3
37.5,337.5,arc3_top,2
42.5,337.5,arc3_top,1
52.5,337.5,arc3_top,1
57.5,337.5,arc3_top,1
62.5,337.5,arc3_top,1
67.5,337.5,arc3_top,2
72.5,337.5,arc3_top,1
77.5,337.5,arc3_top,1
87.5,337.5,arc3_top,1
102.5,337.5,arc3_top,2
107.5,337.5,arc3_top,1
112.5,337.5,arc3_top,1
122.5,337.5,arc3_top,2
157.5,337.5,arc3_top,2
162.5,337.5,arc3_top,3
167.5,337.5,arc3_top,1
172.5,337.5,arc3_top,1
177.5,337.5,arc3_top,2
182.5,337.5,arc3_top,1
187.5,337.5,arc3_top,2
192.5,337.5,arc3_top,1
202.5,337.5,arc3_right,1
-212.5,342.5,arc3_left,1
-207.5,342.5,arc3_left,1
-202.5,342.5,arc3_left,1
-187.5,342.5,arc3_top,1
-177.5,342.5,arc3_top,1
-157.5,342.5,arc3_top,1
-152.5,342.5,arc3_top,1
-147.5,342.5,arc3_top,1
-137.5,342.5,arc3_top,2
-122.5,342.5,arc3_top,1
-117.5,342.5,arc3_top,1
-107.5,342.5,arc3_top,1
-97.5,342.5,arc3_top,1
-82.5,342.5,arc3_top,2
-67.5,342.5,arc3_top,1
-62.5,342.5,arc3_top,2
-57.5,342.5,arc3_top,3
-52.5,342.5,arc3_top,2
-47.5,342.5,arc3_top,1
-37.5,342.5,arc3_top,1
-32.5,342.5,arc3_top,3
-27.5,342.5,arc3_top,6
-22.5,342.5,arc3_top,1
-17.5,342.5,arc3_top,4
-12.5,342.5,arc3_top,4
-7.5,342.5,arc3_top,4
-2.5,342.5,arc3_top,4
2.5,342.5,arc3_top,2
7.5,342.5,arc3_top,3
12.5,342.5,arc3_top,1
17.5,342.5,arc3_top,3
22.5,342.5,arc3_top,1
27.5,342.5,arc3_top,2
37.5,342.5,arc3_top,2
42.5,342.5,arc3_top,2
47.5,342.5,arc3_top,1
52.5,342.5,arc3_top,2
57.5,342.5,arc3_top,1
72.5,342.5,arc3_top,3
77.5,342.5,arc3_top,2
87.5,342.5,arc3_top,2
92.5,342.5,arc3_top,1
97.5,342.5,arc3_top,3
102.5,342.5,arc3_top,2
107.5,342.5,arc3_top,2
112.5,342.5,arc3_top,4
122.5,342.5,arc3_top,3
137.5,342.5,arc3_top,1
152.5,342.5,arc3_top,1
157.5,342.5,arc3_top,2
162.5,342.5,arc3_top,2
167.5,342.5,arc3_top,1
172.5,342.5,arc3_top,1
177.5,342.5,arc3_top,3
182.5,342.5,arc3_top,1
197.5,342.5,arc3_right,1
197.5,342.5,arc3_top,1
207.5,342.5,arc3_right,1
-212.5,347.5,arc3_left,1
-192.5,347.5,arc3_top,1
-187.5,347.5,arc3_top,1
-177.5,347.5,arc3_top,1
-167.5,347.5,arc3_top,1
-162.5,347.5,arc3_top,1
-147.5,347.5,arc3_top,1
-137.5,347.5,arc3_top,1
-132.5,347.5,arc3_top,3
-112.5,347.5,arc3_top,1
-107.5,347.5,arc3_top,2
-102.5,347.5,arc3_top,1
-97.5,347.5,arc3_top,1
-82.5,347.5,arc3_top,2
-62.5,347.5,arc3_top,1
-52.5,347.5,arc3_top,1
-47.5,347.5,arc3_top,2
-37.5,347.5,arc3_top,1
-27.5,347.5,arc3_top,1
-22.5,347.5,arc3_top,1
-17.5,347.5,arc3_top,3
-12.5,347.5,arc3_top,3
-7.5,347.5,arc3_top,3
-2.5,347.5,arc3_top,5
2.5,347.5,arc3_top,4
7.5,347.5,arc3_top,3
12.5,347.5,arc3_top,2
17.5,347.5,arc3_top,3
22.5,347.5,arc3_top,3
27.5,347.5,arc3_top,2
32.5,347.5,arc3_top,1
42.5,347.5,arc3_top,2
62.5,347.5,arc3_top,1
67.5,347.5,arc3_top,1
72.5,347.5,arc3_top,1
77.5,347.5,arc3_top,1
92.5,347.5,arc3_top,1
97.5,347.5,arc3_top,2
102.5,347.5,arc3_top,1
107.5,347.5,arc3_top,2
117.5,347.5,arc3_top,1
127.5,347.5,arc3_top,2
132.5,347.5,arc3_top,1
142.5,347.5,arc3_top,1
147.5,347.5,arc3_top,1
162.5,347.5,arc3_top,1
172.5,347.5,arc3_top,1
177.5,347.5,arc3_top,1
182.5,347.5,arc3_top,1
187.5,347.5,arc3_top,1
192.5,347.5,arc3_top,2
197.5,347.5,arc3_top,1
202.5,347.5,arc3_right,2
212.5,347.5,arc3_right,2
-222.5,352.5,arc3_left,1
-217.5,352.5,arc3_left,1
-202.5,352.5,arc3_top,1
-192.5,352.5,arc3_top,1
-187.5,352.5,arc3_top,2
-177.5,352.5,arc3_top,1
-172.5,352.5,arc3_top,2
-162.5,352.5,arc3_top,5
-152.5,352.5,arc3_top,3
-127.5,352.5,arc3_top,1
-112.5,352.5,arc3_top,1
-107.5,352.5,arc3_top,1
-92.5,352.5,arc3_top,1
-82.5,352.5,arc3_top,3
-77.5,352.5,arc3_top,2
-72.5,352.5,arc3_top,1
-37.5,352.5,arc3_top,1
-32.5,352.5,arc3_top,1
-27.5,352.5,arc3_top,1
-22.5,352.5,arc3_top,1
-12.5,352.5,arc3_top,3
-7.5,352.5,arc3_top,3
-2.5,352.5,arc3_top,6
2.5,352.5,arc3_top,6
7.5,352.5,arc3_top,3
12.5,352.5,arc3_top,2
17.5,352.5,arc3_top,1
22.5,352.5,arc3_top,1
32.5,352.5,arc3_top,1
37.5,352.5,arc3_top,1
42.5,352.5,arc3_top,4
47.5,352.5,arc3_top,1
52.5,352.5,arc3_top,1
62.5,352.5,arc3_top,1
72.5,352.5,arc3_top,1
77.5,352.5,arc3_top,1
87.5,352.5,arc3_top,1
102.5,352.5,arc3_top,1
107.5,352.5,arc3_top,1
127.5,352.5,arc3_top,2
132.5,352.5,arc3_top,1
137.5,352.5,arc3_top,3
162.5,352.5,arc3_top,1
172.5,352.5,arc3_top,4
192.5,352.5,arc3_top,1
197.5,352.5,arc3_top,2
202.5,352.5,arc3_top,1
222.5,352.5,arc3_right,1
-207.5,357.5,arc3_left,2
-202.5,357.5,arc3_top,1
-192.5,357.5,arc3_top,1
-182.5,357.5,arc3_top,1
-172.5,357.5,arc3_top,1
-162.5,357.5,arc3_top,1
-157.5,357.5,arc3_top,1
-152.5,357.5,arc3_top,1
-127.5,357.5,arc3_top,2
-117.5,357.5,arc3_top,3
-107.5,357.5,arc3_top,1
-102.5,357.5,arc3_top,1
-92.5,357.5,arc3_top,1
-87.5,357.5,arc3_top,1
-82.5,357.5,arc3_top,1
-67.5,357.5,arc3_top,1
-62.5,357.5,arc3_top,1
-47.5,357.5,arc3_top,1
-42.5,357.5,arc3_top,1
-32.5,357.5,arc3_top,2
-22.5,357.5,arc3_top,1
-12.5,357.5,arc3_top,3
-7.5,357.5,arc3_top,1
-2.5,357.5,arc3_top,1
2.5,357.5,arc3_top,3
7.5,357.5,arc3_top,3
12.5,357.5,arc3_top,4
17.5,357.5,arc3_top,1
27.5,357.5,arc3_top,1
32.5,357.5,arc3_top,1
57.5,357.5,arc3_top,1
72.5,357.5,arc3_top,1
82.5,357.5,arc3_top,1
92.5,357.5,arc3_top,1
122.5,357.5,arc3_top,1
127.5,357.5,arc3_top,1
147.5,357.5,arc3_top,2
152.5,357.5,arc3_top,2
167.5,357.5,arc3_top,1
182.5,357.5,arc3_top,2
187.5,357.5,arc3_top,1
192.5,357.5,arc3_top,3
222.5,357.5,arc3_right,1
-222.5,362.5,arc3_left,1
-197.5,362.5,arc3_top,1
-192.5,362.5,arc3_top,1
-167.5,362.5,arc3_top,1
-162.5,362.5,arc3_top,2
-157.5,362.5,arc3_top,1
-142.5,362.5,arc3_top,1
-137.5,362.5,arc3_top,1
-132.5,362.5,arc3_top,1
-127.5,362.5,arc3_top,1
-107.5,362.5,arc3_top,1
-102.5,362.5,arc3_top,1
-92.5,362.5,arc3_top,1
-82.5,362.5,arc3_top,1
-72.5,362.5,arc3_top,1
-52.5,362.5,arc3_top,1
-42.5,362.5,arc3_top,1
-32.5,362.5,arc3_top,1
-17.5,362.5,arc3_top,1
-7.5,362.5,arc3_top,3
-2.5,362.5,arc3_top,3
2.5,362.5,arc3_top,3
7.5,362.5,arc3_top,1
12.5,362.5,arc3_top,1
17.5,362.5,arc3_top,1
22.5,362.5,arc3_top,2
32.5,362.5,arc3_top,2
42.5,362.5,arc3_top,2
62.5,362.5,arc3_top,1
67.5,362.5,arc3_top,1
72.5,362.5,arc3_top,1
82.5,362.5,arc3_top,2
102.5,362.5,arc3_top,1
112.5,362.5,arc3_top,1
122.5,362.5,arc3_top,2
137.5,362.5,arc3_top,2
142.5,362.5,arc3_top,3
162.5,362.5,arc3_top,2
167.5,362.5,arc3_top,1
172.5,362.5,arc3_top,1
177.5,362.5,arc3_top,1
182.5,362.5,arc3_top,2
187.5,362.5,arc3_top,1
212.5,362.5,arc3_right,1
222.5,362.5,arc3_right,1
-207.5,367.5,arc3_top,1
-202.5,367.5,arc3_top,1
-192.5,367.5,arc3_top,1
-187.5,367.5,arc3_top,1
-182.5,367.5,arc3_top,1
-172.5,367.5,arc3_top,1
-167.5,367.5,arc3_top,1
-157.5,367.5,arc3_top,2
-152.5,367.5,arc3_top,2
-147.5,367.5,arc3_top,1
-142.5,367.5,arc3_top,1
-132.5,367.5,arc3_top,1
-117.5,367.5,arc3_top,1
-92.5,367.5,arc3_top,2
-72.5,367.5,arc3_top,2
-67.5,367.5,arc3_top,1
-62.5,367.5,arc3_top,2
-57.5,367.5,arc3_top,1
-52.5,367.5,arc3_top,3
-47.5,367.5,arc3_top,1
-22.5,367.5,arc3_top,2
-17.5,367.5,arc3_top,2
-12.5,367.5,arc3_top,1
-7.5,367.5,arc3_top,2
-2.5,367.5,arc3_top,2
2.5,367.5,arc3_top,2
7.5,367.5,arc3_top,3
22.5,367.5,arc3_top,1
32.5,367.5,arc3_top,1
47.5,367.5,arc3_top,1
77.5,367.5,arc3_top,3
82.5,367.5,arc3_top,2
87.5,367.5,arc3_top,1
92.5,367.5,arc3_top,1
107.5,367.5,arc3_top,1
112.5,367.5,arc3_top,3
117.5,367.5,arc3_top,1
132.5,367.5,arc3_top,1
137.5,367.5,arc3_top,2
147.5,367.5,arc3_top,2
152.5,367.5,arc3_top,2
182.5,367.5,arc3_top,1
192.5,367.5,arc3_top,1
197.5,367.5,arc3_top,1
202.5,367.5,arc3_top,1
207.5,367.5,arc3_top,1
-212.5,372.5,arc3_top,1
-197.5,372.5,arc3_top,3
-177.5,372.5,arc3_top,2
-172.5,372.5,arc3_top,1
-167.5,372.5,arc3_top,2
-147.5,372.5,arc3_top,1
-137.5,372.5,arc3_top,1
-127.5,372.5,arc3_top,1
-117.5,372.5,arc3_top,1
-112.5,372.5,arc3_top,1
-82.5,372.5,arc3_top,2
-52.5,372.5,arc3_top,1
-47.5,372.5,arc3_top,1
-17.5,372.5,arc3_top,3
-7.5,372.5,arc3_top,1
-2.5,372.5,arc3_top,3
2.5,372.5,arc3_top,4
7.5,372.5,arc3_top,3
17.5,372.5,arc3_top,4
22.5,372.5,arc3_top,1
27.5,372.5,arc3_top,1
52.5,372.5,arc3_top,1
72.5,372.5,arc3_top,1
77.5,372.5,arc3_top,2
82.5,372.5,arc3_top,2
87.5,372.5,arc3_top,1
92.5,372.5,arc3_top,2
102.5,372.5,arc3_top,1
107.5,372.5,arc3_top,1
112.5,372.5,arc3_top,1
122.5,372.5,arc3_top,2
147.5,372.5,arc3_top,1
152.5,372.5,arc3_top,1
157.5,372.5,arc3_top,1
167.5,372.5,arc3_top,3
177.5,372.5,arc3_top,2
182.5,372.5,arc3_top,2
197.5,372.5,arc3_top,3
207.5,372.5,arc3_top,2
217.5,372.5,arc3_right,1
-212.5,377.5,arc3_top,1
-207.5,377.5,arc3_top,2
-197.5,377.5,arc3_top,1
-192.5,377.5,arc3_top,1
-187.5,377.5,arc3_top,1
-172.5,377.5,arc3_top,2
-167.5,377.5,arc3_top,1
-157.5,377.5,arc3_top,1
-142.5,377.5,arc3_top,2
-137.5,377.5,arc3_top,1
-132.5,377.5,arc3_top,2
-122.5,377.5,arc3_top,1
-117.5,377.5,arc3_top,1
-102.5,377.5,arc3_top,1
-77.5,377.5,arc3_top,1
-67.5,377.5,arc3_top,1
-52.5,377.5,arc3_top,2
-47.5,377.5,arc3_top,1
-27.5,377.5,arc3_top,1
-22.5,377.5,arc3_top,1
-17.5,377.5,arc3_top,1
-12.5,377.5,arc3_top,1
-7.5,377.5,arc3_top,1
-2.5,377.5,arc3_top,3
2.5,377.5,arc3_top,3
7.5,377.5,arc3_top,3
12.5,377.5,arc3_top,2
22.5,377.5,arc3_top,1
52.5,377.5,arc3_top,2
72.5,377.5,arc3_top,2
77.5,377.5,arc3_top,2
82.5,377.5,arc3_top,1
87.5,377.5,arc3_top,1
102.5,377.5,arc3_top,1
112.5,377.5,arc3_top,1
127.5,377.5,arc3_top,1
132.5,377.5,arc3_top,1
137.5,377.5,arc3_top,1
147.5,377.5,arc3_top,2
152.5,377.5,arc3_top,1
157.5,377.5,arc3_top,1
167.5,377.5,arc3_top,1
177.5,377.5,arc3_top,2
192.5,377.5,arc3_top,2
222.5,377.5,arc3_right,1
-207.5,382.5,arc3_top,1
-197.5,382.5,arc3_top,1
-187.5,382.5,arc3_top,1
-182.5,382.5,arc3_top,2
-167.5,382.5,arc3_top,2
-152.5,382.5,arc3_top,2
-147.5,382.5,arc3_top,1
-142.5,382.5,arc3_top,1
-137.5,382.5,arc3_top,2
-132.5,382.5,arc3_top,1
-82.5,382.5,arc3_top,1
-27.5,382.5,arc3_top,2
-12.5,382.5,arc3_top,2
-2.5,382.5,arc3_top,1
2.5,382.5,arc3_top,2
7.5,382.5,arc3_top,1
12.5,382.5,arc3_top,1
17.5,382.5,arc3_top,1
27.5,382.5,arc3_top,2
37.5,382.5,arc3_top,1
47.5,382.5,arc3_top,1
67.5,382.5,arc3_top,1
107.5,382.5,arc3_top,1
142.5,382.5,arc3_top,2
157.5,382.5,arc3_top,4
162.5,382.5,arc3_top,1
172.5,382.5,arc3_top,1
182.5,382.5,arc3_top,2
187.5,382.5,arc3_top,1
192.5,382.5,arc3_top,1
207.5,382.5,arc3_top,1
227.5,382.5,arc3_right,1
-217.5,387.5,arc3_top,1
-212.5,387.5,arc3_top,2
-192.5,387.5,arc3_top,2
-187.5,387.5,arc3_top,2
-172.5,387.5,arc3_top,1
-167.5,387.5,arc3_top,3
-157.5,387.5,arc3_top,1
-142.5,387.5,arc3_top,1
-107.5,387.5,arc3_top,1
-87.5,387.5,arc3_top,1
-47.5,387.5,arc3_top,1
-22.5,387.5,arc3_top,1
-17.5,387.5,arc3_top,2
-7.5,387.5,arc3_top,1
-2.5,387.5,arc3_top,1
2.5,387.5,arc3_top,1
12.5,387.5,arc3_top,3
17.5,387.5,arc3_top,1
32.5,387.5,arc3_top,2
77.5,387.5,arc3_top,1
142.5,387.5,arc3_top,1
152.5,387.5,arc3_top,1
162.5,387.5,arc3_top,1
182.5,387.5,arc3_top,2
187.5,387.5,arc3_top,2
192.5,387.5,arc3_top,1
202.5,387.5,arc3_top,3
-187.5,392.5,arc3_top,1
-167.5,392.5,arc3_top,1
-142.5,392.5,arc3_top,1
-132.5,392.5,arc3_top,2
-127.5,392.5,arc3_top,1
-107.5,392.5,arc3_top,1
-92.5,392.5,arc3_top,1
-42.5,392.5,arc3_top,1
-17.5,392.5,arc3_top,1
-7.5,392.5,arc3_top,2
-2.5,392.5,arc3_top,4
2.5,392.5,arc3_top,3
7.5,392.5,arc3_top,2
27.5,392.5,arc3_top,2
42.5,392.5,arc3_top,1
82.5,392.5,arc3_top,1
92.5,392.5,arc3_top,1
97.5,392.5,arc3_top,1
112.5,392.5,arc3_top,2
127.5,392.5,arc3_top,1
132.5,392.5,arc3_top,4
197.5,392.5,arc3_top,1
212.5,392.5,arc3_top,1
-212.5,397.5,arc3_top,1
-207.5,397.5,arc3_top,1
-202.5,397.5,arc3_top,1
-192.5,397.5,arc3_top,2
-182.5,397.5,arc3_top,1
-177.5,397.5,arc3_top,1
-152.5,397.5,arc3_top,1
-142.5,397.5,arc3_top,1
-127.5,397.5,arc3_top,1
-82.5,397.5,arc3_top,1
-72.5,397.5,arc3_top,2
-37.5,397.5,arc3_top,1
-27.5,397.5,arc3_top,1
-7.5,397.5,arc3_top,1
2.5,397.5,arc3_top,1
7.5,397.5,arc3_top,2
22.5,397.5,arc3_top,1
27.5,397.5,arc3_top,2
87.5,397.5,arc3_top,1
132.5,397.5,arc3_top,1
137.5,397.5,arc3_top,1
142.5,397.5,arc3_top,1
182.5,397.5,arc3_top,2
187.5,397.5,arc3_top,1
192.5,397.5,arc3_top,1
207.5,397.5,arc3_top,1
